,2P,2P%,2PA,3P,3P%,3PA,3PAr,AST,AST%,Age,BLK,BLK%,BPM,DBPM,DRB,DRB%,DWS,FG,FG%,FGA,FT,FT%,FTA,FTr,G,GS,MP,OBPM,ORB,ORB%,OWS,PER,PF,PTS,Player,Pos,Rk,STL,STL%,TOV,TOV%,TRB,TRB%,TS%,Tm,USG%,VORP,WS,WS/48,eFG%
0,2.9,.415,7.0,0.3,0.29,1.2,0.145,1.5,8.9,22,0.5,2.1,-3.8,-1.0,5.3,24.3,0.7,3.3,0.397,8.2,1.1,0.571,1.9,0.229,26,17,24.7,-2.8,2.3,9.6,-0.2,11.2,2.2,8.0,Precious Achiuwa,C,1.0,0.5,1.1,1.2,11.3,7.6,16.6,0.439,TOR,17.7,-0.3,0.5,.039,0.418
1,2.6,.530,5.0,0.0,0.0,0.0,0.0,3.0,15.1,28,0.6,2.1,1.0,0.1,5.1,21.6,1.2,2.6,0.53,5.0,1.7,0.6,2.9,0.581,40,40,25.7,0.9,4.3,17.4,2.0,17.4,1.7,7.0,Steven Adams,C,2.0,0.8,1.6,1.6,20.5,9.4,19.5,0.561,MEM,12.7,0.8,3.2,.150,0.53
2,7.0,.521,13.4,0.0,0.0,0.1,0.004,3.2,16.0,24,0.3,1.1,1.9,1.0,7.4,25.3,0.9,7.0,0.519,13.5,4.7,0.759,6.2,0.461,18,18,32.9,0.8,2.7,9.2,0.9,19.5,3.3,18.7,Bam Adebayo,C,3.0,1.1,1.7,2.9,15.3,10.2,17.3,0.577,MIA,25.8,0.6,1.8,.147,0.519
3,1.3,.543,2.3,0.2,0.121,1.7,0.418,0.7,8.1,21,0.3,2.1,-6.7,-2.4,1.9,18.6,0.2,1.5,0.367,4.0,0.5,0.588,0.9,0.215,20,0,10.9,-4.3,1.1,10.1,0.0,9.5,1.1,3.6,Santi Aldama,PF,4.0,0.1,0.4,0.4,7.5,2.9,14.2,0.416,MEM,18.0,-0.3,0.1,.032,0.392
4,5.4,.596,9.1,0.4,0.343,1.3,0.121,0.8,5.9,36,1.1,4.2,1.4,-0.4,4.3,18.5,0.9,5.9,0.566,10.4,1.6,0.846,1.9,0.179,28,10,23.4,1.8,1.5,7.3,1.4,20.7,1.7,13.7,LaMarcus Aldridge,C,5.0,0.4,0.8,0.9,7.4,5.8,13.1,0.614,BRK,22.4,0.6,2.3,.167,0.586
5,2.9,.422,6.9,2.1,0.311,6.8,0.495,2.6,15.2,23,0.3,1.0,-3.4,-1.9,2.7,11.0,0.5,5.0,0.367,13.7,1.2,0.717,1.7,0.122,36,18,27.4,-1.5,0.9,3.4,-0.8,10.6,1.8,13.4,Nickeil Alexander-Walker,SG,6.0,0.9,1.7,1.6,10.0,3.6,7.1,0.463,NOP,25.0,-0.3,-0.3,-0.014,0.444
6,1.4,.476,2.9,2.7,0.389,7.0,0.71,1.3,6.7,26,0.4,1.4,0.0,-0.4,2.9,10.7,0.9,4.1,0.414,9.9,1.0,0.854,1.1,0.115,36,35,28.4,0.4,0.4,1.7,1.4,12.6,1.4,11.9,Grayson Allen,SG,7.0,0.8,1.3,0.6,5.8,3.4,6.2,0.572,MIL,16.6,0.5,2.3,.107,0.552
7,7.0,.715,9.7,0.0,0.143,0.2,0.023,1.9,9.4,23,1.5,4.0,5.2,1.9,7.5,23.8,2.0,7.0,0.702,10.0,3.1,0.706,4.4,0.44,31,31,32.8,3.3,3.3,11.2,3.5,24.5,1.8,17.1,Jarrett Allen,C,8.0,0.9,1.4,1.9,13.6,10.7,17.7,0.72,CLE,18.3,1.9,5.5,.258,0.704
8,0.3,.250,1.0,0.2,0.182,0.9,0.478,0.9,19.8,23,0.0,0.0,-4.6,1.1,0.4,7.3,0.1,0.4,0.217,1.9,0.6,0.636,0.9,0.478,12,0,6.3,-5.7,0.2,2.8,-0.1,7.5,0.7,1.6,Jose Alvarado,PG,9.0,0.5,3.9,0.2,6.7,0.6,5.0,0.341,NOP,16.8,0.0,0.0,-0.006,0.261
12,2.4,.462,5.2,0.7,0.353,2.1,0.282,2.5,15.4,28,0.5,2.3,0.2,1.1,4.4,21.6,1.0,3.2,0.432,7.3,1.1,0.66,1.6,0.22,33,5,22.4,-0.9,0.8,3.9,0.5,14.1,1.5,8.1,Kyle Anderson,PF,11.0,1.0,2.2,1.0,11.4,5.3,12.6,0.505,MEM,16.9,0.4,1.6,.102,0.481
13,8.9,.606,14.6,1.0,0.271,3.8,0.206,5.9,33.8,27,1.5,4.6,10.2,3.4,9.6,30.6,1.9,9.9,0.537,18.5,7.1,0.69,10.3,0.558,31,31,32.5,6.8,1.9,6.4,3.9,31.3,3.2,27.9,Giannis Antetokounmpo,PF,12.0,1.1,1.6,3.3,12.4,11.5,18.7,0.608,MIL,34.6,3.1,5.8,.277,0.565
14,1.4,.522,2.7,0.0,0.111,0.4,0.118,0.8,8.2,29,0.2,1.6,-4.0,0.6,1.9,15.4,0.4,1.4,0.474,3.0,0.5,0.591,0.9,0.289,25,5,12.6,-4.6,1.1,9.1,0.1,9.9,1.9,3.4,Thanasis Antetokounmpo,SF,13.0,0.5,1.8,0.7,16.6,3.0,12.3,0.502,MIL,13.9,-0.2,0.5,.073,0.48
15,2.2,.480,4.5,2.4,0.39,6.1,0.571,1.0,5.3,37,0.8,2.7,-0.3,-0.7,3.3,12.5,1.0,4.5,0.429,10.6,1.8,0.798,2.3,0.215,39,3,27.1,0.4,0.8,3.4,1.3,14.3,2.4,13.3,Carmelo Anthony,PF,14.0,0.7,1.3,0.8,6.6,4.2,8.1,0.572,LAL,19.6,0.4,2.4,.107,0.54
16,4.3,.471,9.1,2.7,0.354,7.6,0.454,5.9,30.4,21,0.2,0.5,1.2,-0.8,5.5,17.3,0.5,7.0,0.418,16.6,3.6,0.865,4.2,0.25,25,25,33.9,2.0,0.5,1.6,0.8,17.1,2.5,20.2,Cole Anthony,PG,15.0,0.8,1.2,2.8,13.3,6.0,9.5,0.547,ORL,27.2,0.7,1.3,.074,0.499
17,4.5,.489,9.1,2.6,0.359,7.1,0.438,2.5,10.6,24,0.5,1.2,1.0,-0.4,3.9,12.2,0.7,7.0,0.432,16.2,2.7,0.831,3.3,0.201,20,20,36.0,1.4,1.4,4.0,1.1,16.5,2.9,19.3,OG Anunoby,SF,16.0,1.7,2.3,1.6,8.1,5.3,7.9,0.546,TOR,22.7,0.5,1.7,.115,0.511
19,0.5,.429,1.2,1.1,0.405,2.8,0.706,2.3,22.3,34,0.0,0.0,-3.9,-3.2,0.9,6.8,-0.1,1.6,0.412,4.0,1.0,0.882,1.1,0.286,30,2,15.0,-0.8,0.2,1.2,0.4,10.8,0.5,5.4,D.J. Augustin,PG,18.0,0.3,1.1,1.3,22.5,1.1,4.0,0.605,HOU,16.4,-0.2,0.3,.033,0.555
20,1.8,.535,3.3,0.9,0.3,2.9,0.464,1.6,9.4,21,0.7,2.6,-1.0,1.0,4.3,19.7,1.0,2.7,0.426,6.2,1.1,0.717,1.6,0.253,38,5,23.5,-2.0,0.8,3.6,0.4,11.7,2.3,7.3,Deni Avdija,SF,19.0,0.8,1.7,0.9,11.4,5.1,11.8,0.528,WAS,14.8,0.2,1.4,.073,0.496
23,7.5,.638,11.8,0.0,0.143,0.3,0.024,1.6,8.2,23,0.8,2.4,3.4,1.0,8.2,27.3,1.5,7.5,0.626,12.0,1.9,0.662,2.8,0.235,24,24,30.7,2.4,2.9,10.2,1.8,22.2,2.2,17.0,Deandre Ayton,C,21.0,0.8,1.2,1.8,11.6,11.1,19.0,0.64,PHO,21.0,1.0,3.2,.211,0.628
25,2.6,.515,5.0,0.6,0.234,2.4,0.322,0.7,5.0,22,0.2,0.8,-3.3,-2.5,4.8,24.6,0.3,3.1,0.425,7.3,1.2,0.706,1.7,0.233,20,7,20.6,-0.8,2.3,12.0,0.3,13.6,1.7,8.0,Marvin Bagley III,PF,23.0,0.3,0.7,0.7,7.5,7.1,18.3,0.494,SAC,18.1,-0.2,0.6,.072,0.462
26,4.2,.455,9.3,2.8,0.384,7.2,0.435,7.8,36.6,20,0.5,1.4,4.0,0.3,5.8,19.7,0.8,7.0,0.424,16.5,2.6,0.876,2.9,0.178,33,33,31.9,3.7,1.6,5.1,1.9,20.9,3.1,19.3,LaMelo Ball,PG,24.0,1.7,2.6,3.1,14.7,7.3,12.2,0.543,CHO,27.7,1.6,2.7,.122,0.507
27,1.6,.414,3.9,3.0,0.41,7.4,0.657,5.1,19.7,24,1.0,2.4,2.2,1.6,4.5,13.9,1.5,4.6,0.411,11.3,0.6,0.773,0.7,0.065,30,30,35.4,0.6,1.0,3.0,0.6,14.0,2.4,12.9,Lonzo Ball,PG,25.0,1.8,2.5,2.4,17.4,5.5,8.5,0.555,CHI,17.4,1.1,2.1,.095,0.546
28,2.8,.549,5.1,1.3,0.342,3.9,0.433,1.6,8.9,23,2.1,6.8,0.7,1.3,6.3,23.9,1.1,4.1,0.459,9.0,0.6,0.731,0.9,0.096,30,30,28.1,-0.6,2.2,8.3,0.6,15.9,2.5,10.2,Mo Bamba,C,26.0,0.8,1.4,1.3,12.4,8.5,16.1,0.545,ORL,16.5,0.6,1.6,.094,0.533
29,3.8,.512,7.4,2.9,0.416,6.9,0.484,2.3,12.0,23,0.5,1.5,1.8,-0.4,3.9,14.4,1.1,6.6,0.466,14.3,1.2,0.906,1.4,0.095,39,39,30.0,2.2,0.5,1.7,2.1,16.8,2.5,17.4,Desmond Bane,SF,27.0,1.0,1.6,1.4,8.8,4.4,7.9,0.585,MEM,22.7,1.1,3.2,.132,0.567
30,1.3,.461,2.9,0.2,0.28,0.8,0.219,1.8,20.5,22,0.2,1.3,-3.6,-0.6,1.5,14.0,0.3,1.5,0.421,3.7,0.6,0.75,0.8,0.211,31,1,12.2,-3.0,0.6,5.2,-0.1,10.2,1.3,3.9,Dalano Banton,SF,28.0,0.4,1.6,1.1,20.9,2.1,9.4,0.486,TOR,17.8,-0.2,0.2,.023,0.452
32,3.0,.469,6.4,2.1,0.42,5.0,0.437,2.3,10.3,29,0.2,0.5,0.9,-1.1,4.9,15.6,0.5,5.1,0.447,11.4,4.2,0.831,5.1,0.445,35,35,33.5,2.0,1.2,3.7,2.2,15.8,1.3,16.5,Harrison Barnes,PF,30.0,0.7,1.1,1.8,11.7,6.1,9.7,0.605,SAC,19.6,0.9,2.7,.109,0.539
33,5.2,.527,9.9,0.8,0.338,2.3,0.186,3.5,14.5,20,0.9,2.6,0.8,0.0,5.2,16.4,1.0,6.0,0.492,12.2,2.3,0.719,3.2,0.262,30,30,35.8,0.8,2.9,8.3,1.7,16.6,2.9,15.1,Scottie Barnes,PF,31.0,1.1,1.5,2.0,12.6,8.1,12.1,0.554,TOR,18.6,0.8,2.7,.121,0.523
34,3.8,.451,8.4,1.8,0.333,5.3,0.39,2.3,12.5,21,0.3,1.0,-2.5,-1.4,4.8,16.6,0.8,5.6,0.405,13.7,2.7,0.707,3.8,0.28,32,32,31.3,-1.1,0.7,2.4,0.0,12.3,2.0,15.6,RJ Barrett,SF,32.0,0.5,0.8,1.8,10.5,5.5,9.5,0.507,NYK,24.4,-0.1,0.7,.036,0.47
35,3.5,.483,7.3,2.3,0.362,6.5,0.469,4.2,19.6,31,0.5,1.3,0.5,-0.3,4.4,14.7,1.0,5.9,0.426,13.8,1.2,0.792,1.5,0.109,32,32,32.9,0.8,0.7,2.2,0.4,14.2,1.5,15.3,Will Barton,SG,33.0,0.9,1.4,1.9,11.5,5.1,8.5,0.529,DEN,22.1,0.7,1.4,.064,0.511
37,1.5,.750,2.0,0.0,0.0,0.2,0.086,0.4,7.0,21,0.8,8.7,2.2,2.0,2.2,28.0,0.2,1.5,0.686,2.2,0.5,0.727,0.7,0.314,16,0,8.5,0.2,1.0,13.2,0.4,22.1,1.5,3.5,Charles Bassey,PF,35.0,0.2,1.1,0.4,14.9,3.2,20.7,0.703,PHI,15.6,0.1,0.6,.228,0.686
38,1.9,.587,3.2,0.2,0.304,0.8,0.2,0.7,5.5,26,0.4,2.1,-1.9,-0.1,2.8,19.0,0.5,2.1,0.53,4.0,0.8,0.647,1.2,0.296,29,8,15.5,-1.8,1.1,7.4,0.3,13.3,0.9,5.2,Keita Bates-Diop,SF,36.0,0.5,1.6,0.8,15.0,3.9,13.2,0.581,SAS,14.4,0.0,0.9,.092,0.561
39,1.1,.815,1.4,1.9,0.389,4.8,0.779,1.5,8.5,33,0.8,2.5,2.7,2.4,4.2,16.8,0.8,3.0,0.484,6.1,0.3,0.5,0.6,0.098,20,16,25.6,0.3,0.4,1.7,0.5,13.3,1.1,8.1,Nicolas Batum,PF,37.0,1.1,2.0,0.9,11.8,4.6,9.5,0.632,LAC,12.4,0.6,1.3,.125,0.635
40,0.7,.333,2.0,0.8,0.34,2.4,0.541,0.9,6.2,32,0.3,1.4,-3.6,1.3,1.8,10.0,0.4,1.5,0.337,4.5,0.5,0.769,0.6,0.133,22,14,18.1,-4.9,0.3,1.6,-0.1,6.4,2.3,4.3,Kent Bazemore,SF,38.0,0.9,2.3,0.4,7.2,2.0,6.0,0.453,LAL,12.0,-0.1,0.3,.035,0.429
41,2.4,.450,5.3,1.0,0.279,3.5,0.396,1.2,7.1,21,1.3,4.6,-2.4,0.8,5.4,20.7,1.3,3.3,0.382,8.8,1.3,0.615,2.0,0.232,32,27,26.8,-3.1,1.1,4.0,-1.0,10.9,0.9,8.9,Darius Bazley,PF,39.0,0.8,1.5,1.4,12.7,6.5,12.2,0.462,OKC,17.8,-0.1,0.3,.018,0.438
42,7.6,.519,14.6,1.6,0.288,5.5,0.275,6.4,30.9,28,0.3,0.8,1.1,-1.4,3.7,10.9,0.6,9.2,0.456,20.1,4.2,0.836,5.0,0.247,32,32,36.1,2.5,1.0,3.1,1.1,18.8,2.4,24.1,Bradley Beal,SG,40.0,0.9,1.2,3.3,13.0,4.7,7.1,0.54,WAS,31.6,0.9,1.7,.071,0.495
44,1.5,.457,3.3,3.0,0.339,8.8,0.726,1.7,9.4,25,0.1,0.5,-1.8,-1.3,2.9,11.5,0.8,4.5,0.371,12.2,0.5,0.72,0.7,0.054,38,9,27.5,-0.4,0.4,1.4,0.3,10.5,1.2,12.5,Malik Beasley,SG,41.0,0.6,1.1,0.8,6.3,3.2,6.2,0.502,MIN,20.3,0.1,1.1,.049,0.495
45,2.3,.629,3.6,0.4,0.462,0.8,0.183,1.3,9.0,27,0.6,2.6,0.3,1.8,2.7,13.3,0.9,2.7,0.599,4.4,0.5,0.577,0.8,0.183,32,14,20.3,-1.6,0.7,3.9,0.9,13.2,2.3,6.2,DeAndre' Bembry,SF,42.0,1.0,2.3,0.7,12.5,3.4,8.8,0.642,BRK,11.7,0.4,1.8,.134,0.641
46,0.5,.480,1.0,1.5,0.336,4.6,0.826,0.6,5.1,29,0.1,0.6,-2.8,-1.3,1.7,10.9,0.2,2.0,0.361,5.5,1.0,0.929,1.1,0.194,26,0,16.1,-1.5,0.2,1.6,0.2,9.9,1.7,6.5,Davis Bertans,PF,43.0,0.4,1.3,0.5,7.1,1.9,6.4,0.544,WAS,17.9,-0.1,0.5,.055,0.5
47,2.0,.529,3.8,1.3,0.327,4.1,0.519,5.2,28.4,33,0.9,3.3,3.2,2.2,3.3,13.6,0.9,3.3,0.425,7.9,1.2,0.702,1.7,0.222,27,23,26.7,1.0,1.3,4.8,1.4,15.8,3.0,9.2,Patrick Beverley,PG,44.0,1.0,1.9,1.2,12.4,4.6,9.0,0.535,MIN,15.4,0.9,2.3,.153,0.509
48,2.8,.423,6.6,2.3,0.321,7.1,0.516,2.5,12.3,22,0.2,0.4,-2.0,-1.3,4.9,16.7,0.8,5.1,0.37,13.7,2.4,0.83,2.9,0.209,37,37,33.6,-0.7,1.4,4.3,0.0,12.0,1.7,14.8,Saddiq Bey,SF,45.0,1.0,1.4,1.5,9.2,6.3,10.1,0.494,DET,21.0,0.0,0.9,.034,0.453
49,2.4,.535,4.5,0.0,0.0,0.3,0.065,1.3,8.0,29,0.6,2.6,0.0,0.0,2.6,13.6,0.4,2.4,0.5,4.8,1.4,0.743,1.8,0.38,19,4,21.8,0.0,2.8,13.4,0.8,15.7,1.7,6.2,Khem Birch,C,46.0,0.9,2.0,0.7,11.5,5.5,13.5,0.549,TOR,12.5,0.2,1.2,.137,0.5
50,0.7,.484,1.5,0.2,0.143,1.3,0.475,0.1,2.5,22,0.5,5.6,-6.4,-0.1,1.2,16.3,0.3,0.9,0.322,2.8,0.5,0.611,0.9,0.305,21,0,8.1,-6.3,1.0,13.7,-0.2,10.3,1.5,2.5,Goga Bitadze,C,47.0,0.5,2.9,0.4,10.7,2.2,15.0,0.396,IND,19.2,-0.2,0.1,.022,0.356
52,1.5,.528,2.8,1.0,0.389,2.5,0.468,1.6,15.2,33,0.3,2.0,1.4,1.6,3.0,20.9,1.2,2.5,0.463,5.3,0.8,0.674,1.2,0.227,38,0,15.1,-0.2,0.9,6.6,0.5,15.2,1.6,6.7,Nemanja Bjelica,C,49.0,0.6,1.9,1.1,15.8,3.9,14.0,0.573,GSW,20.1,0.5,1.7,.140,0.554
53,2.8,.480,5.9,1.0,0.322,3.1,0.346,4.1,22.7,32,0.4,1.2,-0.9,1.1,3.2,12.1,1.5,3.8,0.426,9.0,1.8,0.787,2.3,0.254,39,29,26.8,-2.0,0.5,2.2,-0.2,12.7,1.6,10.4,Eric Bledsoe,PG,50.0,1.3,2.4,2.3,18.8,3.7,7.3,0.523,LAC,20.1,0.3,1.3,.059,0.481
55,2.2,.477,4.6,2.1,0.362,5.9,0.56,2.5,12.4,29,0.2,0.7,-1.6,-1.0,3.3,12.5,0.2,4.3,0.413,10.5,0.9,0.759,1.2,0.115,24,22,28.8,-0.6,0.3,1.1,0.6,11.7,1.9,11.7,Bogdan Bogdanovic,SG,52.0,0.7,1.1,0.9,7.7,3.6,6.8,0.531,ATL,18.1,0.1,0.7,.051,0.514
56,3.5,.547,6.4,2.7,0.42,6.4,0.5,1.6,8.1,32,0.0,0.1,1.8,-1.1,3.3,11.4,0.9,6.2,0.484,12.8,3.2,0.864,3.7,0.288,38,38,30.2,2.9,0.8,3.0,2.9,17.5,1.6,18.2,Bojan Bogdanovic,PF,53.0,0.5,0.8,1.7,10.3,4.1,7.4,0.633,UTA,22.9,1.1,3.9,.161,0.588
57,1.0,.609,1.6,0.1,0.25,0.3,0.148,0.4,9.6,22,0.1,2.3,-1.2,-0.6,1.1,21.6,0.1,1.1,0.556,1.9,0.1,0.4,0.4,0.185,14,0,5.8,-0.6,0.3,5.5,0.0,14.2,0.3,2.4,Bol Bol,PF,54.0,0.1,0.6,0.3,12.0,1.4,13.7,0.565,DEN,18.2,0.0,0.1,.074,0.574
58,0.3,.350,0.9,0.1,0.167,0.5,0.375,0.5,7.8,21,0.0,0.0,-6.9,-0.8,0.9,12.0,0.1,0.4,0.281,1.4,0.3,0.889,0.4,0.281,23,2,8.0,-6.1,0.7,8.2,-0.2,3.8,0.9,1.2,Leandro Bolmaro,SF,55.0,0.2,1.3,0.5,25.0,1.5,10.0,0.389,MIN,10.9,-0.2,0.0,-0.013,0.313
59,0.2,.222,0.8,0.1,0.25,0.3,0.308,0.3,6.0,22,0.2,3.1,-2.1,3.6,0.3,5.4,0.1,0.3,0.231,1.1,0.3,0.667,0.5,0.462,12,0,5.3,-5.7,0.3,6.5,-0.1,8.0,0.8,0.9,Isaac Bonga,SF,56.0,0.6,5.5,0.2,11.3,0.6,6.0,0.352,TOR,12.0,0.0,0.0,.038,0.269
60,6.0,.461,12.9,2.6,0.405,6.5,0.333,4.5,22.1,25,0.3,0.9,2.7,-0.1,4.6,14.3,1.5,8.6,0.443,19.4,3.7,0.866,4.3,0.223,31,31,32.7,2.8,0.9,2.9,1.3,19.4,2.4,23.5,Devin Booker,SG,57.0,0.9,1.4,2.6,10.8,5.5,8.7,0.552,PHO,31.4,1.2,2.8,.133,0.51
61,1.6,.400,4.1,0.7,0.294,2.3,0.362,0.7,7.3,20,0.2,1.3,-4.1,-0.3,1.6,11.1,0.4,2.3,0.362,6.4,1.3,0.848,1.5,0.234,22,0,15.1,-3.8,0.3,2.0,-0.4,9.9,0.7,6.6,Brandon Boston Jr.,SG,58.0,0.7,2.2,0.8,9.9,1.9,6.6,0.466,LAC,22.7,-0.2,0.0,.004,0.415
62,2.3,.571,4.0,0.7,0.245,2.8,0.414,0.3,2.9,29,0.9,5.3,-1.1,-1.1,3.5,22.5,0.8,3.0,0.436,6.9,1.6,0.757,2.1,0.308,33,7,17.3,0.0,1.7,10.1,0.8,17.6,1.8,8.3,Chris Boucher,PF,59.0,0.5,1.6,0.7,8.2,5.2,16.0,0.531,TOR,21.0,0.1,1.5,.129,0.487
63,0.7,.308,2.2,0.6,0.393,1.6,0.418,0.8,13.1,21,0.0,0.0,-7.3,-5.7,0.7,9.6,0.0,1.3,0.343,3.7,0.4,0.8,0.6,0.149,18,0,8.2,-1.6,0.8,9.8,0.0,10.6,0.7,3.6,James Bouknight,SG,60.0,0.1,0.3,0.3,7.8,1.5,9.7,0.455,CHO,22.3,-0.2,0.0,.001,0.425
65,1.2,.468,2.5,1.3,0.394,3.4,0.575,0.8,4.6,31,0.3,1.0,-2.5,0.5,2.0,8.6,0.6,2.5,0.425,5.8,0.1,1.0,0.1,0.022,31,26,23.8,-3.0,0.5,2.2,0.3,8.5,1.7,6.4,Avery Bradley,SG,61.0,0.9,1.9,0.5,7.6,2.5,5.5,0.544,LAL,11.5,-0.1,0.9,.061,0.539
66,1.7,.574,3.0,0.0,0.0,0.0,0.0,0.6,6.2,24,0.6,3.9,-1.2,0.3,2.9,24.9,0.4,1.7,0.574,3.0,0.3,0.778,0.4,0.132,23,7,12.7,-1.5,1.5,13.3,0.4,14.7,1.3,3.7,Tony Bradley,C,62.0,0.2,0.8,0.7,18.2,4.4,19.1,0.591,CHI,13.3,0.1,0.8,.131,0.574
67,0.5,.400,1.3,0.3,0.182,1.4,0.524,0.5,8.0,23,0.1,0.6,-7.6,-1.5,0.9,11.2,0.1,0.8,0.286,2.6,0.3,0.833,0.4,0.143,16,0,9.0,-6.1,0.4,5.2,-0.2,4.2,1.0,2.1,Ignas Brazdeikis,SF,63.0,0.3,1.4,0.3,10.1,1.4,8.2,0.37,ORL,14.9,-0.2,-0.2,-0.053,0.333
68,3.4,.585,5.9,1.4,0.397,3.6,0.378,1.7,6.6,25,0.5,1.2,1.3,1.5,3.0,9.1,1.8,4.9,0.514,9.5,1.0,0.848,1.2,0.128,38,38,34.1,-0.1,1.0,3.2,2.0,13.1,2.0,12.2,Mikal Bridges,SF,64.0,1.3,1.8,0.7,6.9,4.0,6.2,0.609,PHO,13.5,1.1,3.9,.143,0.589
69,5.4,.578,9.4,1.9,0.318,5.9,0.387,3.7,15.2,23,0.8,2.2,0.6,-0.8,5.9,17.9,0.7,7.3,0.477,15.4,3.0,0.766,3.9,0.255,37,37,35.8,1.4,1.3,3.7,2.2,17.8,2.5,19.5,Miles Bridges,PF,65.0,1.2,1.5,1.9,9.8,7.2,10.6,0.572,CHO,22.4,0.9,2.8,.103,0.539
70,1.4,.519,2.8,0.9,0.371,2.5,0.476,0.8,6.3,23,0.3,1.2,-1.1,-0.7,2.5,15.4,0.4,2.4,0.449,5.3,0.5,0.556,1.0,0.184,28,1,17.8,-0.4,1.3,8.0,0.4,12.5,1.3,6.2,Oshae Brissett,SF,66.0,0.6,1.6,0.7,11.2,3.8,11.7,0.544,IND,15.7,0.1,0.8,.081,0.537
71,4.9,.529,9.3,1.8,0.311,5.7,0.379,6.1,27.9,29,0.4,1.1,2.9,-0.1,4.4,14.3,0.7,6.7,0.446,15.0,3.8,0.855,4.5,0.3,26,26,34.3,3.0,0.9,3.0,1.9,18.9,2.1,19.0,Malcolm Brogdon,PG,67.0,0.9,1.3,2.2,11.6,5.3,8.6,0.559,IND,24.4,1.1,2.5,.137,0.505
72,0.6,.606,1.0,1.8,0.322,5.6,0.845,1.5,12.1,23,0.2,1.1,-3.0,-1.8,1.7,10.1,0.1,2.4,0.366,6.7,0.5,0.889,0.6,0.085,32,8,18.3,-1.2,0.3,1.7,0.4,10.6,1.7,7.2,Armoni Brooks,SG,68.0,0.6,1.6,0.5,7.1,2.0,5.9,0.521,HOU,17.3,-0.1,0.5,.042,0.502
73,5.6,.470,11.8,1.7,0.327,5.1,0.3,2.9,15.8,26,0.2,0.6,-1.2,-0.8,2.6,9.8,0.5,7.2,0.427,16.9,3.2,0.889,3.6,0.214,20,19,29.0,-0.4,0.8,2.9,0.6,16.3,3.4,19.3,Dillon Brooks,SF,69.0,1.3,2.2,1.9,9.1,3.4,6.2,0.522,MEM,29.2,0.1,1.1,.092,0.476
74,2.7,.513,5.2,0.3,0.31,1.0,0.16,1.3,8.0,25,0.5,2.0,-1.0,1.7,3.2,14.1,1.0,3.0,0.481,6.2,0.6,0.75,0.8,0.133,29,17,22.9,-2.8,1.3,6.5,0.5,12.2,2.8,6.9,Bruce Brown,SF,70.0,1.3,2.7,0.7,9.5,4.5,10.5,0.525,BRK,13.8,0.2,1.5,.107,0.506
79,0.7,.455,1.6,0.0,0.0,0.4,0.185,0.4,10.3,20,0.3,5.3,-8.0,-1.5,0.9,20.4,0.1,0.7,0.37,1.9,0.3,0.364,0.8,0.407,14,0,5.1,-6.5,0.5,10.6,-0.2,8.3,0.7,1.7,Greg Brown III,SF,73.0,0.1,1.4,0.4,13.6,1.4,15.4,0.377,POR,22.3,-0.1,-0.1,-0.079,0.37
80,5.9,.521,11.4,2.8,0.361,7.8,0.406,2.6,13.6,25,0.5,1.4,1.7,-0.4,5.3,16.8,1.0,8.7,0.456,19.1,4.0,0.773,5.1,0.268,25,25,34.4,2.1,0.8,2.5,0.4,18.1,2.7,24.2,Jaylen Brown,SF,74.0,1.2,1.7,3.2,13.0,6.1,9.5,0.566,BOS,31.3,0.7,1.4,.079,0.529
81,1.2,.605,2.0,0.0,0.0,0.0,0.0,0.0,0.0,22,0.3,4.3,-3.0,-0.3,1.7,28.2,0.3,1.2,0.605,2.0,1.2,0.659,1.9,0.953,22,1,6.7,-2.7,0.6,10.2,0.3,18.9,1.2,3.6,Moses Brown,C,75.0,0.1,1.0,0.5,15.3,2.3,19.0,0.647,DAL,21.8,0.0,0.5,.175,0.605
82,0.6,.500,1.3,0.8,0.357,2.3,0.648,1.0,9.1,26,0.1,0.8,-1.5,0.5,3.1,22.9,0.6,1.5,0.407,3.6,0.3,0.9,0.3,0.093,30,3,15.1,-2.0,0.7,4.8,0.2,10.2,1.2,4.1,Sterling Brown,SG,76.0,0.4,1.3,0.7,15.1,3.7,13.6,0.543,DAL,13.1,0.1,0.8,.082,0.523
83,1.1,.500,2.3,0.5,0.282,1.6,0.419,1.2,11.3,22,0.1,0.5,-1.2,0.5,2.3,17.9,0.4,1.6,0.409,3.9,0.5,0.75,0.7,0.172,24,1,14.3,-1.8,0.4,3.2,0.2,11.1,0.8,4.1,Troy Brown Jr.,SF,77.0,0.5,1.7,0.3,6.5,2.8,10.6,0.495,CHI,13.7,0.1,0.6,.087,0.468
84,5.3,.540,9.8,1.1,0.336,3.2,0.248,5.5,29.8,25,0.1,0.2,1.3,-0.2,3.1,11.2,1.1,6.4,0.49,13.0,2.2,0.776,2.9,0.223,37,19,30.9,1.5,0.6,2.0,2.3,17.9,1.9,16.0,Jalen Brunson,PG,78.0,0.8,1.4,1.7,10.5,3.6,6.5,0.563,DAL,23.1,1.0,3.4,.141,0.531
86,0.9,.560,1.6,1.4,0.302,4.5,0.735,1.0,5.7,30,0.2,0.6,-3.7,-0.3,2.5,11.7,0.7,2.3,0.37,6.1,0.4,0.765,0.5,0.09,31,12,24.5,-3.4,0.2,1.0,-0.1,6.5,1.4,6.3,Reggie Bullock,SF,80.0,0.4,0.9,0.5,8.0,2.8,6.2,0.496,DAL,12.6,-0.3,0.6,.035,0.481
88,2.1,.507,4.1,0.8,0.326,2.6,0.387,2.2,27.4,29,0.0,0.0,-0.3,-0.7,1.1,9.3,0.2,2.9,0.437,6.6,0.9,0.941,0.9,0.143,18,0,13.4,0.4,0.1,0.4,0.2,16.0,1.0,7.5,Trey Burke,PG,81.0,0.4,1.7,0.8,10.0,1.2,4.8,0.534,DAL,26.0,0.1,0.5,.095,0.5
89,1.7,.384,4.5,1.9,0.408,4.7,0.51,2.4,13.8,30,0.3,0.9,0.8,0.9,3.7,14.8,1.1,3.7,0.396,9.2,2.6,0.808,3.2,0.342,38,14,27.3,0.0,0.5,2.1,1.7,14.9,2.3,11.8,Alec Burks,SG,82.0,1.2,2.3,0.9,8.0,4.2,8.4,0.555,NYK,18.8,0.7,2.8,.130,0.5
90,0.3,.357,0.7,0.4,0.333,1.1,0.6,0.5,17.0,21,0.3,6.2,-2.0,2.5,0.6,15.0,0.1,0.6,0.343,1.8,0.2,0.571,0.4,0.2,19,0,4.3,-4.4,0.0,0.0,-0.1,8.7,0.8,1.8,Jared Butler,SG,83.0,0.2,1.8,0.4,17.4,0.6,7.9,0.46,UTA,24.2,0.0,0.0,.004,0.443
91,7.3,.535,13.7,0.5,0.25,1.9,0.122,5.4,27.4,32,0.4,1.3,8.8,2.5,4.0,13.2,1.1,7.8,0.5,15.7,7.0,0.871,8.1,0.517,23,23,33.8,6.3,1.9,6.2,3.2,27.1,1.3,23.2,Jimmy Butler,SF,84.0,2.0,2.9,2.0,9.2,5.9,9.7,0.603,MIA,27.7,2.1,4.4,.271,0.515
93,2.0,.457,4.3,2.1,0.381,5.5,0.562,1.7,8.2,28,0.4,1.2,-1.0,0.4,3.2,11.3,0.9,4.1,0.414,9.9,1.1,0.864,1.3,0.128,35,35,29.8,-1.3,0.5,1.9,0.2,11.4,1.9,11.4,Kentavious Caldwell-Pope,SG,86.0,1.3,2.1,1.3,11.2,3.7,6.7,0.546,WAS,17.5,0.3,1.1,.050,0.522
94,1.0,.472,2.1,1.3,0.358,3.5,0.631,3.8,24.0,30,0.5,2.0,0.0,1.2,1.7,8.6,0.9,2.2,0.4,5.6,1.1,0.813,1.4,0.246,35,4,21.8,-1.2,0.3,1.8,0.8,13.1,2.2,6.8,Facundo Campazzo,PG,87.0,1.2,2.7,1.2,16.6,2.1,5.2,0.553,DEN,15.1,0.4,1.7,.108,0.513
95,1.1,.556,1.9,0.5,0.583,0.9,0.308,0.9,12.5,24,0.2,1.8,-0.9,-0.8,1.2,12.3,0.1,1.6,0.564,2.8,0.6,0.75,0.9,0.308,14,1,10.9,-0.2,0.4,4.4,0.3,14.4,0.9,4.3,Vlatko Cancar,PF,88.0,0.1,0.7,0.6,15.3,1.6,8.4,0.678,DEN,15.3,0.0,0.4,.130,0.654
96,5.3,.576,9.2,0.0,0.0,0.0,0.003,1.5,7.4,27,1.5,4.7,1.6,-0.4,8.9,32.2,1.3,5.3,0.574,9.3,1.3,0.478,2.6,0.284,35,35,29.9,2.1,4.2,15.3,2.8,21.8,2.5,11.9,Clint Capela,C,89.0,0.8,1.3,0.6,5.4,13.1,23.8,0.571,ATL,16.1,1.0,4.1,.190,0.574
98,0.1,.211,0.6,0.7,0.301,2.4,0.793,1.0,11.0,26,0.3,2.0,-4.4,0.1,1.4,11.8,0.4,0.9,0.283,3.1,0.1,0.75,0.1,0.043,30,1,11.7,-4.5,0.2,1.9,-0.4,5.3,1.0,2.6,Jevon Carter,PG,91.0,0.3,1.4,0.5,13.0,1.6,7.1,0.411,BRK,13.3,-0.2,0.0,.001,0.402
99,3.7,.583,6.4,1.2,0.331,3.8,0.372,2.7,15.2,22,0.6,2.0,1.5,0.4,8.1,29.6,1.1,4.9,0.489,10.1,2.0,0.723,2.7,0.27,37,37,29.4,1.1,2.2,7.8,1.7,17.7,2.8,13.1,Wendell Carter Jr.,C,92.0,0.7,1.2,1.6,12.5,10.3,18.7,0.58,ORL,19.1,1.0,2.8,.125,0.551
100,1.7,.523,3.3,1.1,0.364,3.0,0.472,4.0,18.7,27,0.3,1.1,1.8,2.9,2.8,10.8,1.1,2.8,0.448,6.3,1.7,0.83,2.0,0.325,26,9,28.0,-1.0,1.0,3.8,1.0,14.4,2.5,8.4,Alex Caruso,SG,93.0,2.0,3.5,1.5,17.3,3.7,7.3,0.585,CHI,13.6,0.7,2.1,.139,0.534
101,0.8,.455,1.8,0.1,0.5,0.1,0.057,0.5,7.1,28,0.2,1.6,-3.3,0.6,1.4,15.9,0.2,0.9,0.457,1.9,0.1,0.5,0.1,0.057,18,2,9.8,-3.9,0.7,7.9,0.0,8.6,0.9,1.9,Willie Cauley-Stein,C,94.0,0.3,1.7,0.4,16.3,2.1,11.8,0.474,DAL,10.9,-0.1,0.2,.062,0.471
103,0.9,.600,1.6,0.3,0.385,0.7,0.302,0.2,4.0,20,0.2,2.0,-0.8,-1.5,0.6,8.4,0.1,1.2,0.535,2.3,0.5,1.0,0.5,0.209,19,0,7.8,0.7,1.0,13.2,0.5,17.7,0.9,3.2,Justin Champagnie,SF,96.0,0.2,1.0,0.1,4.1,1.6,10.9,0.639,TOR,14.1,0.0,0.6,.190,0.593
104,0.2,.158,1.0,0.6,0.344,1.7,0.627,1.7,20.3,26,0.0,0.0,-5.6,-0.1,0.8,8.0,0.3,0.7,0.275,2.7,0.1,1.0,0.1,0.02,19,1,11.1,-5.6,0.4,4.3,-0.3,4.5,1.1,2.1,Chris Chiozza,PG,97.0,0.4,1.8,0.9,24.8,1.3,6.2,0.389,GSW,14.1,-0.2,0.0,.009,0.382
106,1.7,.525,3.3,0.7,0.339,2.0,0.38,1.7,17.1,20,0.1,0.6,-3.5,-1.9,1.2,8.8,0.2,2.4,0.454,5.3,1.1,0.829,1.3,0.252,31,2,15.3,-1.6,0.6,4.2,0.1,12.6,1.1,6.5,Josh Christopher,SG,99.0,0.8,2.4,1.4,19.2,1.8,6.5,0.561,HOU,20.1,-0.2,0.3,.027,0.518
109,3.8,.688,5.5,0.1,0.143,0.5,0.089,1.3,12.3,25,0.9,5.1,3.1,0.3,3.1,19.8,0.5,3.9,0.639,6.1,0.9,0.649,1.4,0.234,26,0,17.0,2.8,1.7,10.1,1.5,23.2,1.7,8.8,Brandon Clarke,PF,101.0,0.3,0.9,0.5,7.4,4.7,14.8,0.654,MEM,17.8,0.6,2.1,.226,0.646
110,2.9,.509,5.8,2.6,0.313,8.2,0.585,2.3,13.6,29,0.2,0.7,-1.2,-1.3,2.7,10.9,1.0,5.5,0.394,13.9,1.5,0.789,1.9,0.134,38,0,25.6,0.1,0.7,3.3,0.5,14.0,1.8,15.0,Jordan Clarkson,SG,102.0,0.7,1.3,1.5,9.2,3.4,7.2,0.509,UTA,27.3,0.2,1.5,.072,0.486
111,3.9,.660,5.9,0.0,0.0,0.0,0.0,0.9,6.4,22,1.3,5.2,0.4,0.7,3.6,16.7,0.5,3.9,0.66,5.9,1.2,0.606,1.9,0.33,17,11,21.8,-0.3,1.6,8.1,0.9,18.1,2.5,8.9,Nic Claxton,C,103.0,0.6,1.3,0.7,9.5,5.2,12.6,0.664,BRK,14.8,0.2,1.4,.183,0.66
112,0.7,.514,1.3,0.8,0.349,2.4,0.643,1.0,8.3,24,0.2,1.2,-0.3,0.5,2.3,13.8,0.5,1.5,0.408,3.8,1.3,0.868,1.5,0.388,26,4,16.8,-0.8,0.3,1.7,0.7,11.3,1.0,5.2,Amir Coffey,SG,104.0,0.3,0.9,0.3,5.8,2.5,8.0,0.588,LAC,12.2,0.2,1.1,.125,0.52
113,5.3,.594,8.8,1.4,0.427,3.2,0.267,2.1,9.9,24,1.2,3.4,3.0,0.1,6.1,20.3,0.7,6.6,0.549,12.1,3.0,0.793,3.8,0.313,32,32,32.6,2.9,1.8,6.1,3.2,21.1,3.0,17.6,John Collins,PF,105.0,0.7,1.1,1.2,7.8,7.9,13.2,0.642,ATL,19.9,1.3,4.0,.184,0.606
115,2.6,.503,5.1,2.5,0.431,5.7,0.527,5.3,27.5,34,0.3,0.9,4.2,0.6,2.4,8.6,1.0,5.1,0.465,10.9,1.6,0.815,1.9,0.176,34,34,28.3,3.6,0.5,2.1,2.9,18.8,1.8,14.1,Mike Conley,PG,107.0,1.1,1.9,1.6,11.9,2.9,5.5,0.603,UTA,20.2,1.5,3.9,.197,0.578
116,1.6,.674,2.4,2.4,0.403,6.0,0.717,1.4,7.1,29,0.3,1.2,1.7,0.4,3.9,14.4,1.2,4.0,0.48,8.3,0.7,0.788,0.8,0.102,39,15,28.3,1.3,0.7,2.8,2.1,14.7,1.3,11.1,Pat Connaughton,SG,108.0,1.0,1.7,0.7,7.6,4.7,8.7,0.636,MIL,14.3,1.0,3.3,.144,0.625
119,0.3,.571,0.5,0.1,0.125,0.6,0.533,0.2,11.3,26,0.1,2.5,-8.9,-2.9,0.5,20.2,0.0,0.4,0.333,1.2,0.2,0.75,0.3,0.267,13,0,2.9,-6.0,0.5,20.7,-0.1,10.2,0.5,1.1,Petr Cornelie,PF,111.0,0.1,1.3,0.3,19.3,1.1,20.4,0.418,DEN,24.3,-0.1,0.0,-0.011,0.367
120,2.5,.600,4.1,0.8,0.271,2.8,0.407,1.1,9.6,31,0.5,2.8,0.7,0.9,4.4,26.8,0.6,3.2,0.466,6.9,1.8,0.816,2.2,0.322,17,5,16.9,-0.1,1.4,8.9,0.5,19.8,2.7,9.1,DeMarcus Cousins,C,112.0,0.9,2.7,0.9,10.6,5.8,18.0,0.572,MIL,22.5,0.2,1.1,.184,0.521
121,1.0,.557,1.8,1.5,0.327,4.6,0.719,1.2,5.9,31,1.1,3.9,-1.4,1.0,4.4,18.1,0.7,2.5,0.392,6.4,0.2,1.0,0.2,0.032,34,26,27.6,-2.4,0.7,2.7,-0.1,9.6,2.4,6.7,Robert Covington,PF,113.0,1.3,2.2,1.0,13.4,5.1,10.2,0.518,POR,11.8,0.1,0.7,.033,0.509
122,1.5,.650,2.3,0.6,0.296,2.0,0.47,1.0,8.7,31,0.3,1.5,-0.8,-0.1,2.2,15.0,0.4,2.1,0.483,4.3,0.7,0.828,0.8,0.192,35,1,16.3,-0.8,1.2,8.3,0.9,13.1,1.7,5.5,Torrey Craig,SF,114.0,0.4,1.1,0.7,12.3,3.4,11.7,0.583,IND,14.3,0.2,1.3,.108,0.553
123,1.4,.530,2.6,1.8,0.343,5.4,0.675,1.4,6.3,31,0.5,1.6,0.2,1.8,4.3,15.4,1.5,3.2,0.404,8.0,1.0,0.8,1.3,0.157,32,32,28.1,-1.7,0.4,1.4,0.3,10.2,2.4,9.3,Jae Crowder,PF,115.0,1.1,1.9,0.9,9.9,4.6,8.6,0.545,PHO,14.4,0.5,1.9,.099,0.52
124,1.5,.575,2.7,0.3,0.263,1.3,0.322,1.1,15.9,22,0.1,0.6,-1.0,0.9,1.5,15.5,0.2,1.9,0.475,3.9,0.4,0.5,0.8,0.203,15,0,10.3,-1.9,0.3,2.7,0.2,15.5,0.9,4.5,Jarrett Culver,SG,116.0,0.6,2.8,0.3,5.9,1.7,8.9,0.521,MEM,18.4,0.0,0.4,.126,0.517
126,3.5,.446,7.9,2.2,0.318,7.0,0.468,5.4,28.8,20,0.6,1.7,-2.0,-0.3,5.0,17.9,0.9,5.8,0.386,14.9,1.6,0.849,1.9,0.127,28,28,32.3,-1.7,0.9,2.9,-1.3,11.8,2.8,15.3,Cade Cunningham,PG,118.0,1.3,2.0,3.8,19.3,6.0,10.0,0.487,DET,25.8,0.0,-0.5,-0.025,0.46
127,3.9,.595,6.5,2.2,0.412,5.4,0.453,3.8,17.2,31,0.1,0.4,-0.5,-1.2,2.8,8.7,0.6,6.1,0.512,11.8,1.8,0.873,2.1,0.177,34,34,34.7,0.7,0.4,1.4,2.2,15.4,2.3,16.1,Seth Curry,SG,119.0,0.8,1.1,1.9,12.7,3.2,5.1,0.634,PHI,19.0,0.5,2.8,.113,0.606
128,3.5,.478,7.3,5.1,0.388,13.3,0.645,6.1,29.6,33,0.5,1.5,6.9,0.7,4.8,14.5,2.2,8.6,0.42,20.5,4.4,0.917,4.8,0.234,35,35,34.7,6.3,0.6,1.9,2.6,22.1,2.1,26.8,Stephen Curry,PG,120.0,1.4,2.0,3.4,13.0,5.3,8.4,0.591,GSW,32.7,2.7,4.8,.190,0.545
130,8.9,.566,15.8,0.4,0.179,2.1,0.116,2.9,13.8,28,2.0,5.2,2.9,0.6,7.1,20.8,1.5,9.3,0.521,17.9,4.3,0.727,6.0,0.334,27,27,35.4,2.3,2.7,8.4,1.8,23.4,2.3,23.3,Anthony Davis,C,121.0,1.2,1.6,2.2,9.8,9.9,14.8,0.569,LAL,27.5,1.2,3.2,.161,0.531
131,0.8,.750,1.0,0.0,0.0,0.0,0.0,0.1,1.2,32,0.6,5.5,-0.7,3.5,2.7,30.0,0.3,0.8,0.75,1.0,0.1,0.167,0.5,0.5,12,2,9.3,-4.2,0.4,5.0,0.0,10.3,1.4,1.6,Ed Davis,C,122.0,0.3,1.3,0.3,17.0,3.1,17.9,0.649,CLE,6.9,0.0,0.3,.131,0.75
132,2.1,.529,4.0,1.5,0.305,4.8,0.547,1.0,9.5,24,0.4,1.9,-2.1,-0.4,2.7,16.7,0.3,3.5,0.406,8.7,1.0,0.808,1.2,0.135,22,7,17.4,-1.7,0.4,2.2,-0.2,12.6,2.4,9.5,Terence Davis,SG,123.0,0.8,2.1,1.2,11.3,3.1,9.5,0.514,SAC,25.6,0.0,0.1,.017,0.49
134,2.2,.571,3.8,0.4,0.6,0.6,0.137,0.9,7.7,32,0.5,2.9,0.1,0.5,4.3,27.8,0.9,2.5,0.575,4.4,1.0,0.75,1.3,0.301,33,15,17.2,-0.4,1.8,11.8,1.2,16.9,2.2,6.5,Dewayne Dedmon,C,125.0,0.4,1.1,0.9,15.8,6.1,19.8,0.644,MIA,15.3,0.3,2.1,.175,0.616
137,8.9,.510,17.4,0.8,0.362,2.2,0.11,4.5,21.9,32,0.3,0.8,2.5,-0.7,4.3,13.4,1.0,9.7,0.494,19.6,6.8,0.858,7.9,0.406,32,32,35.3,3.3,0.7,2.3,3.3,23.4,2.3,26.9,DeMar DeRozan,PF,128.0,0.9,1.3,2.1,8.3,5.0,7.9,0.584,CHI,31.3,1.3,4.3,.184,0.514
139,4.0,.580,6.9,0.4,0.25,1.5,0.175,1.3,11.1,23,0.4,1.7,-0.3,0.8,3.2,16.9,0.7,4.4,0.522,8.4,1.4,0.612,2.2,0.267,30,13,21.7,-1.2,1.1,5.0,0.4,15.9,2.3,10.5,Hamidou Diallo,SG,130.0,1.2,2.7,1.2,11.1,4.3,10.6,0.56,DET,20.7,0.3,1.2,.085,0.544
140,0.7,.528,1.3,0.6,0.4,1.4,0.526,0.9,13.0,32,0.4,3.3,1.2,0.7,2.4,26.3,0.3,1.3,0.461,2.7,0.6,0.762,0.8,0.276,28,1,9.8,0.5,0.9,10.3,0.5,16.8,1.3,3.6,Gorgui Dieng,C,131.0,0.3,1.4,0.6,15.8,3.3,18.3,0.598,ATL,16.1,0.2,0.8,.141,0.566
141,2.8,.440,6.3,1.7,0.333,5.2,0.449,5.6,27.3,28,0.2,0.5,-0.6,-0.9,4.2,15.0,0.5,4.5,0.392,11.5,2.4,0.758,3.1,0.272,29,29,30.1,0.3,0.8,2.9,0.8,14.0,2.3,13.1,Spencer Dinwiddie,PG,132.0,0.4,0.7,1.7,11.8,5.0,9.1,0.509,WAS,21.6,0.3,1.3,.070,0.467
143,6.6,.523,12.6,2.6,0.318,8.1,0.392,8.8,47.0,22,0.5,1.2,5.4,1.1,7.3,23.6,1.3,9.2,0.443,20.7,4.0,0.713,5.7,0.274,24,24,34.8,4.3,0.7,2.2,0.4,21.5,2.5,25.0,Luka Doncic,PG,134.0,1.2,1.7,4.7,16.7,8.0,12.7,0.538,DAL,35.9,1.6,1.7,.096,0.505
144,3.2,.498,6.5,2.4,0.313,7.6,0.542,1.7,8.9,22,0.3,1.0,-2.8,-0.7,3.4,10.7,0.9,5.6,0.398,14.1,2.7,0.838,3.2,0.226,33,33,32.6,-2.1,0.7,2.1,0.1,11.9,2.9,16.3,Luguentz Dort,SF,135.0,1.0,1.5,1.7,9.7,4.1,6.3,0.525,OKC,22.8,-0.2,1.0,.044,0.483
145,1.8,.582,3.2,0.6,0.413,1.5,0.319,1.2,8.6,22,0.4,1.7,-2.5,-0.1,1.7,9.9,0.5,2.5,0.528,4.6,0.5,0.586,0.9,0.201,31,2,18.6,-2.4,0.4,2.5,0.3,10.1,1.6,6.1,Ayo Dosunmu,SG,136.0,0.4,1.0,0.9,15.6,2.1,6.2,0.6,CHI,14.2,-0.1,0.8,.068,0.594
151,1.2,.412,2.8,0.8,0.313,2.7,0.485,1.6,11.8,25,0.3,1.6,-2.3,0.7,2.7,15.8,0.4,2.0,0.364,5.5,0.6,0.769,0.7,0.131,18,0,18.9,-3.0,0.8,4.6,-0.1,9.2,1.8,5.4,PJ Dozier,SG,141.0,0.6,1.6,0.7,11.0,3.5,10.3,0.463,DEN,15.4,0.0,0.3,.042,0.439
153,2.7,.521,5.1,0.0,0.0,0.0,0.006,2.0,15.0,28,1.1,5.0,1.1,1.9,6.2,34.8,1.4,2.7,0.518,5.1,1.1,0.574,1.9,0.372,32,11,19.4,-0.8,3.0,17.4,0.7,20.1,2.4,6.4,Andre Drummond,C,143.0,1.1,2.8,1.6,21.1,9.3,26.2,0.537,PHI,17.6,0.5,2.1,.161,0.518
154,3.3,.502,6.5,1.8,0.353,5.2,0.446,2.2,11.4,24,0.1,0.4,-2.2,-0.8,3.4,13.0,0.7,5.1,0.436,11.8,1.1,0.712,1.6,0.134,33,25,28.9,-1.4,0.6,2.3,0.0,12.1,1.7,13.2,Chris Duarte,SG,144.0,1.0,1.7,1.7,12.2,4.0,7.7,0.531,IND,21.3,0.0,0.8,.038,0.514
156,9.0,.566,15.9,1.9,0.371,5.1,0.244,5.7,27.9,33,0.9,2.1,6.9,0.6,7.2,19.8,1.4,10.9,0.518,21.0,6.3,0.882,7.1,0.337,31,31,37.1,6.3,0.5,1.5,3.5,25.6,1.8,30.0,Kevin Durant,PF,146.0,0.7,0.9,3.2,11.7,7.7,11.0,0.62,BRK,32.0,2.6,4.9,.205,0.564
158,5.1,.508,10.0,3.1,0.36,8.7,0.466,3.5,16.8,20,0.7,1.9,1.7,0.0,4.4,13.6,1.4,8.2,0.439,18.7,2.8,0.781,3.6,0.191,32,32,35.6,1.7,1.2,3.3,0.5,16.5,2.4,22.3,Anthony Edwards,SG,148.0,1.6,2.2,3.3,14.2,5.6,8.2,0.551,MIN,27.7,1.1,1.8,.077,0.523
161,0.6,.526,1.1,0.4,0.348,1.3,0.548,0.4,7.4,21,0.0,0.0,-4.4,-1.9,1.3,18.7,0.0,1.0,0.429,2.3,0.4,1.0,0.4,0.167,18,0,7.7,-2.5,0.4,6.3,0.1,10.5,1.2,2.8,CJ Elleby,SF,151.0,0.2,1.1,0.4,13.4,1.7,12.4,0.566,POR,16.3,-0.1,0.1,.050,0.524
162,0.2,.500,0.4,1.9,0.377,5.1,0.92,0.8,5.2,34,0.1,0.3,-2.1,-0.6,1.5,7.2,0.3,2.1,0.387,5.6,0.1,0.8,0.2,0.033,27,8,21.1,-1.5,0.3,1.3,0.3,8.2,1.0,6.4,Wayne Ellington,SG,152.0,0.5,1.2,0.5,7.9,1.7,4.4,0.565,LAL,12.4,-0.1,0.6,.054,0.56
163,7.2,.497,14.4,1.3,0.393,3.4,0.192,4.2,22.8,27,1.4,3.9,7.6,1.6,8.9,29.1,1.4,8.5,0.477,17.8,8.3,0.809,10.3,0.577,26,26,33.2,6.0,1.8,6.1,2.7,29.0,2.5,26.7,Joel Embiid,C,153.0,1.2,1.8,2.8,11.2,10.7,17.7,0.597,PHI,34.2,2.1,4.1,.229,0.515
167,1.7,.532,3.2,0.0,0.167,0.2,0.051,1.1,11.6,24,0.7,5.0,-1.5,1.0,3.0,25.1,0.7,1.7,0.513,3.3,1.3,0.742,1.8,0.53,35,8,12.3,-2.5,1.1,9.1,0.3,15.7,1.4,4.8,Drew Eubanks,C,155.0,0.3,1.2,1.1,20.8,4.1,17.1,0.579,SAS,17.9,0.1,1.0,.107,0.517
168,0.5,.417,1.1,0.0,0.0,0.0,0.0,0.2,4.6,26,0.5,9.0,-3.2,0.7,1.5,28.4,0.1,0.5,0.417,1.1,0.2,0.286,0.6,0.583,11,1,5.4,-4.0,0.6,13.3,-0.1,11.4,0.3,1.1,Tacko Fall,C,156.0,0.0,0.0,0.3,16.6,2.1,21.1,0.398,CLE,13.4,0.0,0.1,.060,0.417
169,2.4,.532,4.5,0.1,0.2,0.4,0.074,0.8,7.6,30,0.3,1.5,-1.8,0.2,3.4,21.4,0.6,2.5,0.507,4.9,0.4,0.556,0.6,0.132,28,11,16.1,-2.0,1.4,8.3,0.5,14.3,1.5,5.4,Derrick Favors,C,157.0,0.4,1.3,0.2,4.0,4.7,14.8,0.521,OKC,14.4,0.0,1.1,.118,0.515
170,0.3,.600,0.5,0.0,0.0,0.0,0.0,0.1,4.6,23,0.2,6.0,-9.3,-0.6,0.2,7.0,0.0,0.3,0.6,0.5,0.0,0.0,0.0,0.0,11,0,2.8,-8.7,0.3,10.2,-0.1,4.7,0.4,0.5,Bruno Fernando,C,158.0,0.0,0.0,0.4,44.4,0.5,8.6,0.6,BOS,12.7,-0.1,0.0,-0.045,0.6
171,1.9,.547,3.5,2.0,0.38,5.2,0.6,1.9,8.8,28,0.6,1.6,0.8,0.9,3.2,11.3,1.5,3.9,0.447,8.6,0.8,0.667,1.2,0.141,37,37,32.4,-0.1,1.6,5.4,1.4,12.7,2.4,10.5,Dorian Finney-Smith,PF,159.0,1.3,2.0,1.0,9.6,4.9,8.3,0.572,DAL,14.0,0.9,2.9,.117,0.561
174,0.7,.429,1.7,0.5,0.273,1.8,0.512,1.0,15.6,23,0.1,1.3,-3.8,-0.3,0.9,10.9,0.2,1.2,0.349,3.4,0.2,0.571,0.3,0.081,25,1,9.1,-3.5,0.2,2.7,-0.1,9.1,0.9,3.0,Malachi Flynn,PG,161.0,0.4,2.2,0.3,8.2,1.1,6.6,0.427,TOR,18.2,-0.1,0.1,.024,0.419
175,1.6,.479,3.4,1.4,0.403,3.4,0.5,0.9,7.6,28,0.1,0.3,-2.2,-1.9,1.4,9.2,0.3,3.0,0.441,6.8,1.1,0.886,1.3,0.185,35,0,15.8,-0.2,0.1,0.6,0.3,12.5,0.8,8.5,Bryn Forbes,SG,162.0,0.3,1.0,0.9,10.8,1.5,4.9,0.577,SAS,22.0,0.0,0.6,.054,0.542
177,0.5,.519,0.9,0.0,0.25,0.1,0.129,0.8,12.6,23,0.0,0.0,-2.9,0.6,1.0,12.5,0.2,0.5,0.484,1.1,0.4,0.786,0.5,0.452,29,1,8.2,-3.5,0.3,3.8,0.0,6.9,0.4,1.4,Trent Forrest,PG,164.0,0.2,1.0,0.6,31.4,1.3,8.4,0.565,UTA,9.8,-0.1,0.2,.048,0.5
178,2.3,.460,4.9,2.7,0.381,7.0,0.586,1.8,10.0,29,0.2,0.8,-1.9,-1.0,2.3,8.7,0.8,4.9,0.414,11.9,1.0,0.736,1.4,0.117,38,38,29.0,-0.8,0.4,1.6,0.5,12.1,1.9,13.5,Evan Fournier,SG,165.0,0.9,1.6,1.3,9.5,2.8,5.1,0.541,NYK,21.1,0.0,1.3,.056,0.525
179,6.8,.508,13.3,1.0,0.254,3.8,0.224,5.2,25.0,24,0.4,1.1,-1.0,-1.0,3.1,9.5,0.6,7.7,0.451,17.1,4.4,0.755,5.9,0.344,36,36,34.1,0.0,0.5,1.5,0.9,16.5,2.9,20.9,De'Aaron Fox,PG,166.0,1.3,1.8,2.8,12.5,3.5,5.5,0.529,SAC,28.1,0.3,1.5,.057,0.48
181,1.8,.533,3.4,0.0,0.25,0.2,0.051,0.2,2.1,29,0.5,3.2,-1.7,-1.4,3.2,26.6,0.4,1.9,0.519,3.6,0.7,0.8,0.9,0.253,22,1,13.0,-0.3,2.3,18.5,0.5,17.2,1.2,4.5,Enes Freedom,C,168.0,0.2,0.9,0.6,13.8,5.5,22.5,0.564,BOS,15.6,0.0,0.9,.152,0.525
185,4.1,.683,5.9,0.0,0.0,0.0,0.0,1.1,7.4,23,1.8,6.7,2.2,1.2,4.4,20.8,1.1,4.1,0.683,5.9,1.5,0.732,2.0,0.341,35,35,22.7,1.0,2.4,11.6,2.3,21.5,2.5,9.6,Daniel Gafford,C,170.0,0.5,1.0,1.1,13.7,6.8,16.3,0.702,WAS,15.6,0.8,3.4,.203,0.683
186,1.6,.415,3.8,1.5,0.391,3.9,0.509,1.4,8.7,33,0.2,0.9,-0.5,-1.3,3.6,17.1,0.2,3.1,0.403,7.7,2.0,0.932,2.1,0.273,28,1,22.5,0.8,0.6,2.9,1.1,14.1,1.4,9.7,Danilo Gallinari,PF,171.0,0.5,1.1,0.6,6.2,4.2,10.1,0.562,ATL,17.9,0.2,1.3,.101,0.502
188,4.8,.544,8.8,2.6,0.38,6.9,0.44,7.4,35.1,22,0.1,0.2,2.7,-0.2,2.6,7.8,1.4,7.4,0.472,15.7,2.3,0.913,2.5,0.159,32,32,34.3,2.9,0.5,1.6,1.6,18.0,1.7,19.7,Darius Garland,PG,173.0,1.3,1.9,3.7,17.9,3.1,4.8,0.587,CLE,26.0,1.3,3.0,.129,0.556
189,0.3,.235,1.4,0.1,0.25,0.3,0.19,0.6,7.1,23,0.3,2.5,-5.4,0.6,1.2,12.2,0.2,0.4,0.238,1.8,0.2,0.4,0.4,0.238,12,0,10.7,-6.0,0.8,7.9,-0.1,4.8,1.3,1.1,Marcus Garrett,SG,174.0,0.4,2.0,0.2,7.9,1.9,10.0,0.28,MIA,8.7,-0.1,0.1,.029,0.262
190,0.4,.545,0.8,0.1,0.167,0.9,0.522,0.6,11.1,19,0.4,4.7,-0.9,1.3,1.7,26.2,0.1,0.6,0.348,1.6,0.1,0.5,0.1,0.087,14,0,7.1,-2.2,0.5,7.7,0.0,11.6,0.6,1.4,Usman Garuba,PF,175.0,0.4,2.9,0.2,11.2,2.2,17.0,0.398,HOU,11.4,0.0,0.1,.053,0.391
191,1.4,.500,2.8,0.5,0.316,1.5,0.352,0.6,8.0,23,0.1,0.6,-3.5,-1.9,1.3,12.2,0.2,1.9,0.435,4.3,1.0,0.658,1.5,0.352,25,5,12.4,-1.6,1.8,14.7,0.4,13.9,1.8,5.2,Luka Garza,C,176.0,0.3,1.2,0.6,10.7,3.1,13.5,0.525,DET,19.3,-0.1,0.5,.081,0.491
192,1.6,.514,3.1,1.6,0.379,4.3,0.582,1.1,8.0,35,0.3,1.1,1.0,-0.1,3.6,18.6,0.6,3.2,0.435,7.4,1.3,0.795,1.6,0.22,24,0,20.0,1.1,1.0,5.6,0.9,15.3,1.8,9.3,Rudy Gay,PF,177.0,0.5,1.2,0.8,8.5,4.6,12.4,0.577,UTA,19.0,0.4,1.5,.151,0.545
193,6.3,.484,13.0,2.7,0.323,8.3,0.39,5.5,27.7,31,0.4,0.9,3.0,1.5,6.7,19.3,1.6,9.0,0.421,21.4,4.0,0.88,4.5,0.21,26,26,35.5,1.4,0.4,1.3,-0.6,18.1,2.5,24.7,Paul George,SF,178.0,2.0,2.8,4.2,15.2,7.1,10.5,0.528,LAC,34.0,1.2,1.1,.056,0.484
194,1.3,.566,2.3,0.2,0.286,0.6,0.209,0.9,6.4,36,0.9,4.6,-2.5,1.1,3.0,16.9,0.5,1.5,0.507,2.9,0.6,0.737,0.8,0.284,23,3,19.3,-3.6,1.7,9.4,0.4,10.8,2.6,3.7,Taj Gibson,C,179.0,0.4,1.1,0.7,18.4,4.7,13.1,0.571,NYK,9.2,-0.1,1.0,.103,0.537
195,3.6,.453,8.0,1.0,0.269,3.7,0.317,6.3,34.2,19,0.5,1.7,-1.0,0.7,6.0,20.5,1.3,4.6,0.395,11.7,0.9,0.651,1.3,0.115,32,32,30.4,-1.7,1.5,5.0,-0.9,13.2,1.7,11.1,Josh Giddey,SG,180.0,1.0,1.7,2.9,19.1,7.6,12.6,0.452,OKC,21.7,0.2,0.3,.017,0.437
197,5.9,.482,12.3,1.8,0.285,6.3,0.338,5.2,26.8,23,0.7,1.9,1.7,-0.1,4.1,12.0,1.1,7.7,0.416,18.5,5.5,0.822,6.7,0.36,32,32,35.3,1.8,0.6,1.7,1.1,18.3,2.3,22.6,Shai Gilgeous-Alexander,PG,181.0,0.9,1.3,2.4,10.0,4.7,6.7,0.528,OKC,29.2,1.1,2.2,.094,0.464
198,0.8,.650,1.3,0.3,0.714,0.4,0.259,0.5,11.2,29,0.1,1.6,2.3,-0.1,1.1,16.8,0.1,1.1,0.667,1.7,0.6,0.833,0.8,0.444,16,0,6.8,2.4,0.5,8.2,0.5,19.9,1.1,3.2,Anthony Gill,PF,182.0,0.1,0.5,0.3,11.0,1.6,12.6,0.79,WAS,15.0,0.1,0.5,.234,0.759
200,5.5,.709,7.7,0.0,0.0,0.0,0.003,1.1,4.7,29,2.3,6.0,5.3,2.2,11.5,36.9,2.7,5.5,0.706,7.7,4.6,0.683,6.7,0.871,37,37,32.1,3.1,3.5,12.4,4.3,25.2,2.7,15.5,Rudy Gobert,C,184.0,0.8,1.2,1.8,14.5,15.1,25.3,0.726,UTA,16.8,2.2,7.0,.282,0.706
203,4.5,.608,7.4,1.0,0.33,3.0,0.29,2.2,10.3,26,0.7,2.0,-0.5,-0.9,3.7,12.8,0.9,5.5,0.528,10.5,2.2,0.706,3.1,0.296,33,33,31.9,0.3,1.8,6.3,1.6,15.5,1.9,14.2,Aaron Gordon,PF,187.0,0.6,1.0,1.6,12.0,5.5,9.6,0.601,DEN,18.7,0.4,2.5,.112,0.575
204,2.8,.531,5.3,2.4,0.456,5.2,0.494,3.4,18.7,33,0.5,1.4,-1.1,-2.5,1.5,5.5,-0.1,5.2,0.494,10.5,2.0,0.722,2.7,0.26,33,22,29.4,1.4,0.2,0.8,1.3,14.4,1.1,14.7,Eric Gordon,SG,188.0,0.6,1.0,2.3,16.5,1.7,3.2,0.629,HOU,20.2,0.2,1.2,.059,0.607
205,1.6,.400,4.0,3.1,0.359,8.5,0.678,4.5,22.3,26,0.2,0.6,-0.7,-1.5,2.1,7.5,0.4,4.7,0.373,12.5,1.7,0.816,2.1,0.169,36,36,31.3,0.8,0.4,1.4,1.1,13.2,1.5,14.1,Devonte' Graham,PG,189.0,1.1,1.7,1.6,10.5,2.5,4.3,0.524,NOP,20.5,0.4,1.5,.064,0.494
206,4.8,.455,10.6,1.8,0.331,5.3,0.332,2.6,14.0,27,1.1,3.1,1.1,-0.2,3.9,13.4,0.7,6.6,0.414,15.9,5.2,0.849,6.1,0.382,24,24,33.2,1.3,1.0,2.9,0.6,16.8,2.3,20.1,Jerami Grant,PF,190.0,1.1,1.6,2.1,10.3,4.8,7.8,0.54,DET,26.7,0.6,1.2,.075,0.469
208,0.5,.600,0.8,1.8,0.375,4.9,0.865,1.2,6.7,34,0.8,3.1,0.2,1.3,2.0,8.8,0.7,2.3,0.405,5.7,0.3,1.0,0.3,0.054,26,20,24.8,-1.1,0.6,2.6,0.2,10.8,1.9,6.8,Danny Green,SF,192.0,1.4,2.8,1.0,14.2,2.6,5.7,0.581,PHI,12.4,0.3,1.0,.074,0.568
209,2.9,.604,4.8,0.4,0.286,1.3,0.209,7.6,33.5,31,1.2,3.9,4.1,4.6,6.6,22.6,2.4,3.3,0.537,6.1,1.2,0.597,2.0,0.333,33,33,30.8,-0.5,1.2,4.3,0.9,15.2,2.8,8.1,Draymond Green,PF,193.0,1.4,2.2,3.2,31.5,7.8,13.8,0.581,GSW,14.4,1.6,3.3,.155,0.567
210,3.0,.477,6.3,2.2,0.325,6.7,0.514,2.2,11.2,19,0.2,0.6,-4.0,-2.5,2.7,9.7,0.0,5.2,0.399,13.0,3.1,0.824,3.8,0.293,24,24,30.6,-1.5,0.3,1.0,-0.3,10.4,1.6,15.6,Jalen Green,SG,194.0,0.6,1.0,2.5,14.6,3.0,5.4,0.534,HOU,23.8,-0.4,-0.3,-0.019,0.482
211,1.4,.561,2.6,0.6,0.25,2.3,0.468,0.8,8.1,31,0.4,2.8,-2.7,0.8,2.6,19.8,0.7,2.0,0.416,4.8,1.1,0.857,1.3,0.273,32,4,14.5,-3.5,0.9,7.0,0.0,12.6,2.2,5.7,JaMychal Green,PF,195.0,0.7,2.5,0.9,14.8,3.5,13.5,0.528,DEN,19.4,-0.1,0.7,.075,0.474
212,1.7,.543,3.2,0.4,0.364,1.1,0.264,1.0,5.7,28,0.4,1.6,-1.2,0.5,2.7,13.5,0.7,2.1,0.496,4.3,1.1,0.8,1.4,0.32,29,18,22.2,-1.7,1.5,7.5,1.0,11.9,2.1,5.8,Javonte Green,SF,196.0,0.8,1.8,0.6,10.7,4.2,10.5,0.589,CHI,10.9,0.1,1.7,.127,0.544
213,2.6,.576,4.6,0.8,0.333,2.4,0.341,1.2,6.8,35,0.5,1.9,-3.5,-1.0,2.6,11.4,0.6,3.4,0.493,6.9,2.0,0.805,2.5,0.358,33,24,25.1,-2.5,0.5,2.2,0.8,11.1,2.3,9.6,Jeff Green,C,197.0,0.3,0.5,1.0,11.4,3.1,6.8,0.6,DEN,16.1,-0.3,1.4,.081,0.55
214,1.1,.578,2.0,0.1,0.231,0.6,0.224,1.0,14.3,21,0.2,1.9,-1.2,1.7,1.2,12.9,0.3,1.3,0.5,2.5,0.3,0.727,0.5,0.19,23,0,10.7,-3.0,0.5,4.8,0.2,11.9,1.3,3.0,Josh Green,SG,198.0,0.4,2.1,0.4,13.7,1.7,8.8,0.549,DAL,13.3,0.0,0.6,.111,0.526
215,1.6,.500,3.2,0.6,0.22,2.9,0.477,2.0,13.6,32,0.4,1.8,-2.0,0.4,3.5,17.9,0.7,2.3,0.366,6.1,1.0,0.707,1.5,0.238,28,20,19.6,-2.4,1.2,6.9,0.3,11.4,2.2,6.2,Blake Griffin,PF,199.0,0.6,1.4,0.5,6.4,4.7,12.7,0.455,BRK,16.0,0.0,1.0,.089,0.419
216,0.2,.385,0.6,1.3,0.38,3.4,0.845,0.7,9.0,21,0.1,0.8,-1.5,0.4,1.0,9.4,0.2,1.5,0.381,4.0,0.2,0.625,0.4,0.095,21,2,12.1,-1.8,0.2,1.7,0.1,10.1,1.1,4.6,Quentin Grimes,SG,200.0,0.5,2.2,0.6,12.1,1.2,5.5,0.548,NYK,17.3,0.0,0.3,.057,0.542
219,3.1,.480,6.5,2.0,0.435,4.7,0.418,6.8,29.3,21,0.7,1.8,2.8,0.5,3.2,9.9,0.9,5.1,0.461,11.1,1.3,0.817,1.6,0.142,38,38,34.0,2.3,0.8,2.6,2.2,17.1,1.4,13.6,Tyrese Haliburton,SG,202.0,1.7,2.4,2.2,15.7,4.0,6.2,0.574,SAC,17.6,1.5,3.1,.114,0.552
221,1.7,.400,4.1,1.0,0.368,2.7,0.396,2.5,19.7,20,0.2,0.8,-3.6,-0.9,2.5,13.5,0.3,2.7,0.388,6.9,1.3,0.603,2.1,0.304,35,1,19.7,-2.8,0.4,2.0,-0.4,9.8,1.5,7.6,R.J. Hampton,SG,204.0,0.5,1.3,1.4,15.3,2.9,7.8,0.487,ORL,20.2,-0.3,-0.1,-0.008,0.46
222,2.8,.471,5.8,2.4,0.329,7.4,0.559,2.3,11.8,29,0.2,0.6,-0.3,-0.1,3.5,12.7,1.1,5.2,0.392,13.3,1.8,0.757,2.3,0.175,32,20,30.9,-0.1,0.4,1.4,0.6,13.1,1.8,14.6,Tim Hardaway Jr.,SG,205.0,1.0,1.6,0.7,4.8,3.9,6.9,0.51,DAL,21.7,0.4,1.7,.081,0.483
223,4.1,.491,8.3,2.4,0.329,7.3,0.469,9.8,39.5,32,0.7,1.6,4.4,0.7,7.1,19.6,1.7,6.5,0.415,15.6,7.2,0.868,8.3,0.531,32,32,36.7,3.7,1.0,3.0,2.3,21.3,2.5,22.5,James Harden,PG,206.0,1.4,1.8,4.8,19.9,8.1,11.7,0.586,BRK,28.4,1.9,4.0,.163,0.492
224,1.0,.700,1.5,0.5,0.259,2.0,0.574,0.5,3.6,28,0.6,2.4,-3.3,0.4,2.2,12.1,0.2,1.6,0.447,3.5,0.3,0.692,0.5,0.138,27,14,19.1,-3.7,0.1,0.8,-0.1,6.3,1.6,4.0,Maurice Harkless,SF,207.0,0.4,1.1,0.6,13.8,2.3,6.5,0.537,SAC,9.5,-0.2,0.2,.016,0.521
226,5.4,.658,8.2,0.1,0.3,0.3,0.036,2.2,14.3,28,0.6,2.0,5.2,0.6,5.2,21.6,0.8,5.5,0.645,8.5,3.5,0.742,4.7,0.556,33,3,25.4,4.6,2.2,9.6,3.5,24.9,1.9,14.5,Montrezl Harrell,C,209.0,0.5,1.0,1.2,9.9,7.3,15.7,0.688,WAS,20.5,1.5,4.3,.244,0.651
227,2.6,.532,4.9,1.5,0.355,4.3,0.466,1.9,10.4,27,0.2,0.6,-3.2,-1.2,1.5,5.5,0.2,4.2,0.449,9.3,1.3,0.824,1.6,0.172,32,22,29.1,-2.1,0.8,3.0,0.6,10.9,2.1,11.2,Gary Harris,SG,210.0,0.9,1.5,1.3,11.4,2.3,4.3,0.561,ORL,16.7,-0.3,0.8,.043,0.532
228,1.1,.417,2.6,2.9,0.466,6.3,0.71,1.0,4.6,30,0.1,0.4,-1.6,-0.6,3.6,12.2,0.3,4.0,0.452,8.9,0.4,0.833,0.4,0.048,14,14,30.2,-1.0,0.4,1.3,0.3,9.8,2.2,11.3,Joe Harris,SF,211.0,0.5,0.8,1.1,11.2,4.0,7.0,0.624,BRK,14.6,0.0,0.6,.073,0.617
229,5.8,.502,11.5,1.1,0.299,3.8,0.249,3.9,18.0,29,0.6,1.6,-0.3,-1.0,6.5,20.3,0.9,6.9,0.451,15.4,3.4,0.857,4.0,0.26,28,28,35.0,0.7,1.1,3.6,1.2,17.2,2.0,18.4,Tobias Harris,PF,212.0,0.5,0.8,1.7,9.1,7.7,12.1,0.538,PHI,24.3,0.4,2.0,.100,0.488
231,3.7,.600,6.1,1.0,0.341,2.9,0.324,4.4,20.5,26,0.4,1.0,0.8,0.4,6.1,20.6,0.7,4.7,0.516,9.1,2.5,0.76,3.4,0.37,31,30,32.8,0.4,1.3,4.1,1.8,15.7,2.9,12.9,Josh Hart,PF,214.0,0.9,1.4,2.0,15.7,7.4,12.1,0.612,NOP,16.3,0.7,2.5,.119,0.571
232,3.2,.662,4.8,0.1,0.667,0.1,0.021,1.9,18.6,23,1.3,6.6,5.6,4.0,2.9,17.8,1.0,3.2,0.662,4.9,1.1,0.653,1.7,0.345,29,0,16.4,1.5,1.8,12.1,1.5,24.1,2.6,7.7,Isaiah Hartenstein,C,215.0,0.8,2.4,1.0,15.1,4.7,15.0,0.679,LAC,17.7,0.9,2.5,.255,0.669
235,2.2,.583,3.8,0.1,0.286,0.5,0.12,0.4,4.5,21,0.6,4.4,-1.6,-0.8,2.3,19.2,0.3,2.4,0.547,4.3,1.7,0.789,2.1,0.487,27,0,13.3,-0.7,1.3,10.6,0.8,18.6,1.9,6.6,Jaxson Hayes,C,218.0,0.3,1.1,0.7,11.2,3.6,14.7,0.623,NOP,19.1,0.0,1.1,.153,0.564
236,1.4,.370,3.7,0.9,0.304,2.9,0.441,3.7,21.2,20,0.4,1.6,-4.3,0.5,2.6,11.6,0.6,2.3,0.341,6.6,0.9,0.862,1.1,0.162,27,27,25.9,-4.8,0.5,1.9,-0.5,7.9,2.5,6.3,Killian Hayes,PG,219.0,1.1,2.1,1.6,18.3,3.1,6.5,0.446,DET,14.3,-0.4,0.1,.004,0.408
237,4.4,.506,8.7,1.8,0.387,4.6,0.344,3.7,16.1,31,0.5,1.4,-0.7,-1.6,4.0,13.2,0.3,6.2,0.465,13.2,3.2,0.857,3.7,0.278,38,38,33.1,0.9,0.8,2.6,2.2,16.5,1.7,17.2,Gordon Hayward,SF,220.0,0.9,1.3,1.7,10.5,4.8,7.7,0.58,CHO,21.2,0.4,2.5,.094,0.532
240,0.1,.250,0.5,0.2,0.167,1.1,0.692,0.2,4.3,26,0.1,2.0,-8.2,-1.8,0.9,18.5,0.1,0.3,0.192,1.5,0.4,0.667,0.5,0.346,17,0,5.5,-6.5,0.5,10.1,-0.2,4.5,0.4,1.1,Juancho Hernangomez,PF,222.0,0.2,2.1,0.4,16.7,1.5,14.2,0.317,BOS,16.7,-0.2,-0.1,-0.059,0.25
241,3.0,.557,5.3,0.1,0.667,0.1,0.024,1.2,13.8,27,0.2,1.4,1.2,-1.3,4.3,31.7,0.3,3.0,0.56,5.4,1.6,0.706,2.2,0.408,23,3,14.9,2.4,2.4,17.2,1.0,23.2,1.7,7.7,Willy Hernangomez,C,223.0,0.3,1.2,0.9,11.9,6.7,24.3,0.604,NOP,20.9,0.3,1.3,.188,0.568
242,4.9,.447,10.9,2.7,0.382,7.1,0.393,3.9,20.6,22,0.1,0.4,-0.8,-1.9,4.2,14.5,0.9,7.6,0.422,18.0,2.4,0.86,2.8,0.157,33,10,32.8,1.0,0.7,2.4,0.2,14.7,1.4,20.3,Tyler Herro,SG,224.0,0.5,0.8,2.8,12.9,4.9,8.4,0.528,MIA,29.7,0.3,1.1,.050,0.497
243,1.6,.417,3.8,3.6,0.38,9.6,0.717,2.0,10.5,29,0.3,0.8,0.0,-1.5,3.2,11.4,0.5,5.2,0.39,13.3,1.7,0.868,1.9,0.143,40,6,29.3,1.5,0.7,2.5,0.9,13.6,2.1,15.7,Buddy Hield,SG,225.0,0.8,1.4,1.6,10.0,3.8,7.0,0.553,SAC,22.9,0.6,1.4,.057,0.526
245,1.7,.570,3.0,0.8,0.308,2.8,0.476,2.4,12.5,35,0.2,0.6,-1.7,0.3,2.3,9.5,0.7,2.6,0.445,5.8,1.1,0.947,1.2,0.199,33,12,25.6,-2.0,0.8,3.4,1.0,10.8,1.5,7.1,George Hill,SG,227.0,0.8,1.5,0.9,13.0,3.2,6.5,0.563,MIL,12.1,0.1,1.7,.097,0.518
247,0.1,.143,0.5,0.2,0.154,1.0,0.65,0.9,10.4,30,0.2,1.3,-4.2,0.8,1.3,13.2,0.1,0.2,0.15,1.5,0.0,0.0,0.0,0.0,13,1,10.7,-4.9,0.5,4.7,-0.1,3.4,1.2,0.6,Solomon Hill,PF,229.0,0.3,1.4,0.1,4.8,1.8,9.0,0.2,ATL,6.6,-0.1,0.0,-0.011,0.2
250,2.0,.525,3.8,0.6,0.365,1.6,0.299,1.8,16.1,25,0.3,1.3,-2.5,0.1,1.5,9.3,0.4,2.6,0.477,5.4,0.6,0.792,0.8,0.138,32,10,16.8,-2.6,0.1,0.8,0.2,11.4,1.6,6.4,Aaron Holiday,PG,232.0,0.6,1.7,0.9,14.0,1.6,5.2,0.553,WAS,17.7,-0.1,0.5,.049,0.532
251,5.6,.554,10.1,1.8,0.382,4.8,0.32,6.7,32.5,31,0.6,1.8,3.3,0.5,3.7,11.7,1.4,7.4,0.499,14.9,1.7,0.709,2.4,0.161,33,32,33.2,2.9,0.9,2.9,2.2,20.2,1.8,18.4,Jrue Holiday,PG,233.0,1.6,2.3,2.8,14.8,4.6,7.4,0.576,MIL,24.2,1.5,3.5,.155,0.56
252,1.2,.514,2.2,2.4,0.351,6.8,0.753,1.5,7.8,32,0.3,0.8,-2.8,-0.9,2.5,10.0,0.5,3.5,0.391,9.1,0.5,0.81,0.6,0.07,33,24,28.2,-2.0,0.2,1.0,0.3,8.8,2.2,10.0,Justin Holiday,SF,234.0,0.6,1.1,1.0,9.4,2.8,5.5,0.535,IND,15.9,-0.2,0.8,.041,0.523
253,5.3,.696,7.6,0.1,0.5,0.1,0.019,1.3,7.9,28,1.0,3.2,1.6,0.2,6.2,25.3,0.6,5.3,0.692,7.7,1.9,0.806,2.3,0.298,27,27,26.1,1.5,2.5,10.1,2.2,20.9,3.1,12.6,Richaun Holmes,C,235.0,0.3,0.5,1.4,14.2,8.7,17.7,0.723,SAC,16.6,0.6,2.8,.188,0.697
254,0.6,.410,1.3,0.7,0.317,2.1,0.606,0.9,7.1,29,0.0,0.2,-3.2,-0.2,1.7,10.9,0.3,1.2,0.354,3.4,0.4,0.929,0.5,0.141,29,0,15.8,-2.9,0.4,2.6,0.3,7.3,0.9,3.5,Rodney Hood,SF,236.0,0.3,1.0,0.2,4.5,2.0,6.8,0.485,MIL,10.3,-0.1,0.6,.064,0.449
256,2.9,.564,5.2,1.2,0.278,4.4,0.46,3.8,19.1,35,1.6,4.8,3.8,2.3,6.1,22.2,1.4,4.2,0.433,9.6,1.8,0.859,2.1,0.221,30,30,30.0,1.6,1.6,5.7,1.6,17.4,2.2,11.4,Al Horford,C,238.0,0.7,1.2,1.1,9.7,7.8,13.9,0.539,BOS,17.1,1.3,2.9,.155,0.497
257,3.3,.475,7.0,0.7,0.222,3.1,0.31,2.7,13.7,21,0.4,1.4,-4.5,-0.4,3.4,12.4,0.6,4.0,0.397,10.1,1.7,0.816,2.1,0.211,23,15,28.2,-4.1,0.8,3.0,-0.3,9.7,2.9,10.4,Talen Horton-Tucker,SG,239.0,1.0,1.7,1.5,12.1,4.2,7.8,0.473,LAL,19.1,-0.4,0.3,.025,0.431
258,0.9,.375,2.4,0.6,0.286,2.1,0.467,1.1,11.6,28,0.3,2.0,-5.9,-1.3,2.3,18.0,0.1,1.5,0.333,4.4,1.0,0.895,1.1,0.253,17,1,13.9,-4.6,0.2,1.9,-0.3,6.9,0.9,4.5,Danuel House Jr.,SF,240.0,0.3,1.0,1.1,17.8,2.5,10.0,0.462,TOT,18.3,-0.2,-0.2,-0.047,0.4
262,1.7,.585,2.8,0.2,0.75,0.3,0.089,0.6,5.6,36,0.7,3.9,0.4,1.2,3.8,25.5,0.8,1.9,0.6,3.1,1.2,0.621,2.0,0.644,29,6,15.3,-0.7,1.8,12.5,0.8,17.6,1.9,5.2,Dwight Howard,C,241.0,0.8,2.5,0.8,17.2,5.6,19.1,0.649,LAL,13.5,0.3,1.7,.180,0.633
263,0.3,.250,1.0,1.1,0.391,2.9,0.742,0.3,6.7,22,0.0,0.0,-3.4,-1.7,0.3,4.7,0.1,1.4,0.355,3.9,0.4,0.875,0.5,0.129,16,0,7.3,-1.6,0.0,0.0,-0.1,11.5,0.7,4.3,Markus Howard,SG,242.0,0.4,2.6,0.4,8.4,0.3,2.4,0.527,DEN,27.4,0.0,0.0,.013,0.5
264,2.8,.572,4.8,1.7,0.366,4.7,0.495,2.7,14.0,23,0.2,0.8,-1.9,-1.4,3.2,12.1,0.1,4.5,0.47,9.6,0.5,0.762,0.7,0.073,30,19,28.1,-0.6,0.4,1.4,0.8,11.9,2.0,11.3,Kevin Huerter,SG,243.0,0.4,0.8,1.3,11.9,3.5,6.8,0.57,ATL,17.4,0.0,0.9,.052,0.561
267,3.2,.479,6.6,1.4,0.395,3.5,0.342,0.6,3.3,24,0.3,0.9,-4.7,-1.2,2.4,9.2,0.1,4.5,0.45,10.1,0.4,0.4,0.9,0.09,11,11,27.8,-3.5,0.4,1.4,-0.2,7.5,2.9,10.8,De'Andre Hunter,SF,246.0,0.6,1.1,1.3,10.8,2.7,5.3,0.516,ATL,18.5,-0.2,-0.1,-0.022,0.518
269,1.3,.442,3.0,1.5,0.315,4.8,0.617,1.6,13.7,21,0.2,1.3,-3.4,-0.7,1.9,12.0,0.4,2.8,0.363,7.7,1.1,0.875,1.2,0.159,26,0,17.2,-2.7,0.2,1.3,-0.3,10.4,2.0,8.2,Bones Hyland,PG,248.0,0.6,1.7,1.0,10.4,2.1,6.7,0.495,DEN,23.8,-0.2,0.2,.018,0.46
270,1.7,.493,3.5,0.7,0.4,1.8,0.337,1.3,12.5,32,0.6,3.2,-2.2,-0.1,2.9,18.4,0.4,2.4,0.462,5.2,0.7,0.667,1.1,0.202,20,7,15.9,-2.1,1.2,7.9,0.1,12.8,1.8,6.2,Serge Ibaka,C,249.0,0.2,0.6,1.2,16.9,4.0,13.3,0.548,LAC,18.9,0.0,0.5,.079,0.529
271,1.2,.733,1.6,0.6,0.25,2.5,0.615,4.3,27.6,38,0.6,3.0,4.2,3.3,2.8,14.5,0.7,1.8,0.436,4.1,0.5,0.75,0.6,0.154,19,0,20.6,0.9,0.7,4.1,0.7,14.3,0.9,4.7,Andre Iguodala,SF,250.0,0.7,1.6,0.8,15.3,3.6,9.5,0.534,GSW,10.9,0.6,1.5,.178,0.513
272,0.8,.612,1.4,1.9,0.376,4.9,0.784,3.6,18.8,34,0.1,0.5,0.6,0.5,2.6,10.6,0.8,2.7,0.427,6.3,0.4,0.778,0.5,0.079,36,8,25.2,0.1,0.3,1.5,1.3,11.0,1.9,7.6,Joe Ingles,SF,251.0,0.6,1.1,1.2,15.8,2.9,6.3,0.585,UTA,13.2,0.6,2.2,.114,0.575
273,6.7,.483,13.9,1.6,0.326,4.8,0.256,5.0,25.8,24,0.3,0.9,0.9,-1.3,5.4,17.4,0.5,8.3,0.443,18.7,4.4,0.815,5.4,0.288,30,30,34.5,2.1,0.8,2.3,1.0,17.5,2.0,22.6,Brandon Ingram,SF,252.0,0.6,0.9,2.8,11.7,6.2,9.7,0.535,NOP,29.6,0.8,1.5,.068,0.485
276,1.8,.513,3.6,1.9,0.333,5.6,0.61,0.9,7.0,23,0.2,1.0,-3.0,-1.7,1.2,6.1,0.2,3.7,0.403,9.2,1.3,0.83,1.6,0.174,33,5,22.7,-1.3,0.3,1.5,0.2,10.6,1.6,10.7,Frank Jackson,PG,255.0,0.5,1.0,0.8,7.6,1.5,3.7,0.536,DET,20.3,-0.2,0.5,.031,0.505
278,3.6,.476,7.6,1.8,0.316,5.8,0.432,1.1,6.0,22,1.8,6.2,-0.9,0.0,4.1,16.1,1.5,5.4,0.407,13.4,3.3,0.827,4.0,0.299,39,39,27.4,-0.9,1.2,4.7,0.8,16.1,3.4,16.0,Jaren Jackson Jr.,PF,257.0,1.0,1.7,1.7,10.1,5.3,10.3,0.529,MEM,25.6,0.3,2.3,.103,0.475
279,1.9,.524,3.7,0.8,0.28,2.9,0.443,1.5,13.3,24,0.4,2.0,-3.3,-0.3,2.7,17.1,0.4,2.8,0.416,6.6,1.0,0.692,1.4,0.211,28,3,18.2,-3.0,0.5,2.6,-0.2,10.8,1.8,7.3,Josh Jackson,SF,258.0,0.5,1.4,1.0,12.2,3.2,9.4,0.505,DET,19.3,-0.2,0.3,.024,0.478
283,3.7,.441,8.5,2.6,0.333,7.9,0.482,4.0,20.5,31,0.1,0.4,-2.7,-1.5,3.0,9.4,1.0,6.4,0.389,16.4,1.5,0.825,1.8,0.11,35,35,32.3,-1.1,0.5,1.7,-0.7,11.7,1.8,16.9,Reggie Jackson,SG,260.0,0.7,1.1,2.2,11.2,3.5,5.7,0.491,LAC,26.3,-0.2,0.3,.014,0.469
285,7.6,.617,12.4,3.0,0.37,8.0,0.393,6.5,31.5,37,1.1,2.7,8.3,1.5,6.4,17.8,1.4,10.6,0.52,20.4,4.4,0.773,5.7,0.28,27,27,36.9,6.8,1.0,2.8,3.0,26.7,2.2,28.6,LeBron James,SF,261.0,1.7,2.2,3.3,12.6,7.4,10.5,0.624,LAL,30.4,2.6,4.4,.212,0.593
288,1.6,.506,3.1,1.0,0.289,3.3,0.522,1.7,18.3,24,0.1,0.7,-1.6,0.1,1.1,7.5,0.4,2.5,0.392,6.4,1.0,0.806,1.2,0.194,29,3,15.1,-1.7,0.4,2.9,0.1,12.8,1.4,7.0,Ty Jerome,SG,264.0,0.7,2.1,0.8,9.8,1.6,5.2,0.503,OKC,22.1,0.0,0.5,.054,0.468
289,0.3,.350,0.9,0.9,0.339,2.7,0.756,0.7,8.4,22,0.1,0.7,-4.0,-1.8,1.3,11.7,0.2,1.2,0.341,3.6,0.6,0.933,0.7,0.183,23,0,11.7,-2.2,0.1,0.8,0.1,8.8,0.8,4.0,Isaiah Joe,SG,265.0,0.2,0.9,0.3,7.3,1.3,6.4,0.514,PHI,16.1,-0.1,0.2,.040,0.47
290,0.7,.560,1.3,0.0,0.0,0.2,0.138,0.4,7.6,25,0.0,0.0,-5.4,-1.7,1.4,21.2,0.1,0.7,0.483,1.5,0.2,0.5,0.4,0.276,19,0,7.3,-3.7,1.1,16.7,0.0,9.9,0.8,1.7,Alize Johnson,PF,266.0,0.2,1.1,0.6,25.3,2.5,19.0,0.492,TOT,13.8,-0.1,0.2,.052,0.483
294,1.6,.500,3.2,2.5,0.444,5.7,0.643,1.3,6.8,25,0.3,0.9,3.2,1.0,3.6,14.3,1.5,4.1,0.464,8.8,1.1,0.811,1.4,0.158,38,6,25.5,2.2,0.7,2.8,1.9,15.5,1.7,11.9,Cameron Johnson,PF,268.0,0.9,1.6,0.7,7.0,4.2,8.7,0.628,PHO,17.1,1.3,3.4,.166,0.607
297,1.8,.543,3.4,0.3,0.28,1.0,0.236,1.9,13.6,34,0.5,2.1,-2.1,0.4,2.8,15.1,0.5,2.1,0.481,4.4,0.3,0.375,0.7,0.151,24,2,19.1,-2.6,0.9,5.3,0.2,10.0,2.2,4.8,James Johnson,PF,271.0,0.5,1.2,0.7,13.1,3.8,10.4,0.509,BRK,12.3,0.0,0.8,.081,0.514
299,4.0,.457,8.8,1.6,0.441,3.5,0.287,1.7,7.6,22,0.1,0.3,-2.1,-1.2,5.4,18.3,1.0,5.6,0.452,12.3,2.0,0.686,2.9,0.238,36,36,30.9,-1.0,1.1,3.6,0.6,13.2,1.9,14.7,Keldon Johnson,SF,273.0,0.8,1.3,1.4,9.3,6.5,10.9,0.541,SAS,20.5,0.0,1.6,.070,0.516
300,0.9,.333,2.8,0.2,0.375,0.6,0.182,0.9,14.5,19,0.1,0.7,-6.2,0.0,1.2,12.7,0.2,1.2,0.341,3.4,1.2,0.762,1.6,0.477,13,0,9.3,-6.2,0.2,2.7,-0.1,9.6,1.6,3.8,Keon Johnson,SG,274.0,0.5,2.4,0.5,10.1,1.4,7.8,0.46,LAC,21.5,-0.1,0.1,.045,0.375
303,8.6,.632,13.6,1.5,0.348,4.3,0.239,7.0,41.1,26,0.8,2.3,13.4,4.7,11.6,38.8,1.9,10.1,0.564,17.8,4.1,0.776,5.3,0.298,31,31,32.7,8.7,2.6,9.0,3.8,32.2,2.5,25.7,Nikola Jokic,C,277.0,1.4,2.1,3.7,15.5,14.2,24.1,0.638,DEN,32.5,3.9,5.7,.272,0.606
307,2.1,.680,3.1,0.1,0.273,0.5,0.128,0.8,8.1,26,0.5,2.6,-1.7,-0.8,2.8,20.6,0.2,2.3,0.628,3.6,1.4,0.717,1.9,0.535,24,3,14.4,-0.9,1.5,11.4,0.7,16.6,1.9,6.0,Damian Jones,C,279.0,0.1,0.4,1.0,19.0,4.3,16.0,0.678,SAC,16.2,0.0,1.0,.133,0.645
308,2.0,.675,3.0,0.4,0.4,1.1,0.273,0.5,4.1,24,0.9,4.2,1.2,1.2,2.1,13.1,0.6,2.4,0.6,4.1,1.3,0.833,1.6,0.382,27,4,17.7,0.1,1.3,7.8,1.3,16.5,2.3,6.6,Derrick Jones Jr.,PF,280.0,0.5,1.4,0.5,9.8,3.4,10.5,0.697,CHI,13.1,0.4,1.9,.188,0.655
310,2.8,.513,5.4,0.5,0.34,1.5,0.214,1.9,9.6,23,1.0,3.4,-0.9,1.3,2.5,9.8,0.9,3.3,0.476,6.9,1.4,0.817,1.7,0.242,36,27,28.6,-2.2,1.3,4.8,0.9,12.1,3.0,8.4,Herbert Jones,C,281.0,1.5,2.5,1.1,12.4,3.8,7.2,0.552,NOP,13.0,0.3,1.8,.085,0.512
312,0.3,.800,0.4,0.0,0.0,0.1,0.167,0.2,7.9,21,0.0,0.0,-12.7,-4.3,0.4,16.5,0.0,0.3,0.667,0.5,0.1,0.25,0.3,0.667,12,0,2.8,-8.4,0.1,3.1,-0.1,2.7,0.2,0.8,Kai Jones,C,283.0,0.0,0.0,0.4,39.2,0.5,9.6,0.58,CHO,16.4,-0.1,-0.1,-0.139,0.667
314,1.7,.521,3.3,0.1,0.154,0.4,0.1,2.3,23.6,22,0.0,0.0,-1.6,0.0,1.6,13.2,0.3,1.8,0.485,3.7,0.6,1.0,0.6,0.162,35,2,12.6,-1.6,0.4,3.5,0.6,13.5,0.9,4.3,Tre Jones,PG,285.0,0.4,1.4,0.6,13.1,2.0,8.3,0.535,SAS,15.3,0.0,0.9,.102,0.492
315,2.2,.512,4.3,0.9,0.389,2.4,0.364,4.1,26.3,25,0.1,0.2,1.5,0.5,2.3,12.0,0.7,3.1,0.467,6.7,0.8,0.912,0.9,0.13,39,12,21.3,1.0,0.3,1.4,1.9,16.7,0.4,8.0,Tyus Jones,PG,286.0,0.9,2.1,0.7,9.5,2.6,6.5,0.565,MEM,15.3,0.7,2.7,.155,0.538
316,2.1,.675,3.1,0.0,0.0,0.0,0.0,0.3,3.2,33,0.9,5.8,-0.4,0.9,4.1,32.0,0.7,2.1,0.675,3.1,0.4,0.588,0.6,0.205,27,18,13.2,-1.3,1.6,13.4,0.6,18.2,1.7,4.5,DeAndre Jordan,C,287.0,0.3,1.2,0.7,17.4,5.7,22.9,0.674,LAL,13.1,0.1,1.3,.177,0.675
317,1.7,.485,3.6,0.7,0.377,2.0,0.353,3.6,25.4,30,0.2,0.8,-2.5,-0.1,1.7,9.1,0.3,2.5,0.447,5.6,1.4,0.83,1.7,0.313,27,6,22.0,-2.4,0.3,1.4,0.4,11.5,1.7,7.1,Cory Joseph,PG,288.0,0.8,1.7,1.5,19.4,2.0,5.0,0.565,DET,15.2,-0.1,0.8,.061,0.513
320,1.3,.413,3.1,2.8,0.441,6.3,0.669,2.1,10.6,25,0.1,0.4,0.7,0.2,3.2,11.4,1.0,4.1,0.432,9.4,0.8,0.879,0.9,0.1,35,10,29.0,0.4,0.2,0.6,1.3,12.5,1.6,11.7,Luke Kennard,SG,291.0,0.7,1.2,0.8,7.3,3.4,6.2,0.597,LAC,16.0,0.7,2.3,.111,0.579
323,1.2,.576,2.0,0.8,0.291,2.6,0.566,0.8,6.3,22,0.2,0.9,-3.1,-1.5,1.5,9.2,0.2,1.9,0.414,4.6,0.8,0.839,0.9,0.204,33,4,16.9,-1.6,0.5,3.6,0.3,9.8,0.7,5.4,Corey Kispert,SF,294.0,0.3,0.9,0.5,8.3,2.0,6.4,0.534,WAS,14.4,-0.1,0.6,.049,0.497
324,0.9,.600,1.5,1.5,0.343,4.4,0.745,1.0,6.1,30,0.9,3.3,0.4,1.0,4.7,21.9,0.8,2.4,0.409,6.0,0.8,0.76,1.1,0.182,23,6,24.4,-0.5,1.2,5.4,0.6,12.1,2.1,7.2,Maxi Kleber,PF,295.0,0.4,0.9,0.6,8.6,6.0,13.4,0.561,DAL,12.9,0.3,1.4,.118,0.536
326,1.2,.579,2.0,0.1,0.286,0.4,0.156,0.7,12.0,24,0.4,4.1,0.0,0.4,1.5,18.6,0.2,1.3,0.533,2.4,1.4,0.722,1.9,0.8,19,2,9.1,-0.5,1.1,11.7,0.5,18.3,1.3,4.0,Nathan Knight,PF,297.0,0.2,0.8,0.5,14.1,2.6,15.0,0.625,MIN,17.2,0.1,0.7,.188,0.556
328,1.1,.593,1.8,0.6,0.447,1.4,0.443,1.3,10.6,25,0.2,1.2,1.9,1.4,2.8,18.6,0.7,1.7,0.528,3.2,0.4,0.6,0.6,0.189,33,2,16.4,0.6,1.2,7.5,1.1,15.0,1.2,4.4,John Konchar,SG,299.0,0.8,2.4,0.5,11.6,4.0,12.9,0.632,MEM,10.0,0.5,1.8,.158,0.627
329,1.8,.504,3.5,1.5,0.302,4.9,0.581,2.3,15.1,24,0.1,0.5,-2.3,-1.2,2.8,13.4,0.5,3.3,0.387,8.5,1.1,0.818,1.3,0.158,33,9,22.6,-1.1,0.3,1.5,0.2,12.2,0.8,9.1,Furkan Korkmaz,SG,300.0,0.6,1.4,0.8,8.3,3.1,7.5,0.504,PHI,19.7,-0.1,0.8,.049,0.475
334,1.5,.568,2.6,0.3,0.265,1.2,0.315,0.3,4.5,19,0.1,1.1,-4.2,-0.4,1.3,14.4,0.5,1.8,0.472,3.9,1.0,0.6,1.6,0.417,28,2,9.7,-3.8,0.4,4.6,-0.1,11.3,1.3,4.9,Jonathan Kuminga,SF,304.0,0.4,1.8,0.7,12.9,1.7,9.7,0.54,GSW,23.6,-0.2,0.4,.065,0.514
335,3.7,.538,6.9,1.9,0.325,5.8,0.458,2.9,13.3,26,0.7,1.7,-0.8,-0.4,7.3,23.6,1.1,5.6,0.441,12.7,1.7,0.674,2.6,0.202,36,36,33.1,-0.4,1.0,3.3,0.2,13.9,2.1,14.8,Kyle Kuzma,PF,305.0,0.6,1.0,2.0,12.5,8.3,13.6,0.536,WAS,21.2,0.3,1.4,.056,0.515
336,1.1,.382,2.9,1.0,0.342,3.0,0.51,1.4,14.2,29,0.3,2.1,0.9,-0.2,2.2,16.7,0.4,2.2,0.361,6.0,1.6,0.932,1.7,0.284,26,0,14.3,1.2,0.5,3.6,0.5,15.4,1.0,6.9,Jeremy Lamb,SF,306.0,0.4,1.5,0.5,6.9,2.6,10.1,0.516,IND,21.9,0.3,0.8,.109,0.448
337,1.4,.643,2.1,0.5,0.476,1.1,0.333,0.7,11.8,26,0.3,3.0,2.2,-1.0,0.8,9.6,0.1,1.9,0.587,3.2,0.7,0.875,0.8,0.254,20,0,8.7,3.2,1.1,13.1,0.6,21.9,1.0,4.9,Jock Landale,C,307.0,0.2,0.8,0.6,14.6,1.9,11.4,0.7,SAS,20.0,0.2,0.7,.198,0.667
338,1.3,.488,2.7,0.7,0.323,2.1,0.437,0.6,4.1,22,0.4,1.9,-1.8,0.7,2.2,12.4,0.6,2.0,0.415,4.7,0.5,0.652,0.8,0.162,30,5,19.5,-2.4,0.9,5.1,0.2,9.5,1.3,5.1,Romeo Langford,SG,308.0,0.6,1.6,0.4,7.3,3.2,8.7,0.503,BOS,12.3,0.0,0.9,.071,0.486
339,6.4,.547,11.7,3.2,0.42,7.6,0.393,4.2,20.7,26,0.4,0.9,4.1,-1.1,4.7,14.8,1.0,9.6,0.497,19.3,4.0,0.857,4.7,0.242,33,33,35.1,5.2,0.3,1.0,2.7,21.9,1.6,26.3,Zach LaVine,SF,309.0,0.5,0.8,2.8,11.7,5.1,7.9,0.617,CHI,30.2,1.8,3.7,.153,0.579
340,0.8,.591,1.4,0.3,0.2,1.3,0.476,0.3,3.9,27,0.2,2.0,-5.6,-0.9,1.2,14.3,0.1,1.1,0.405,2.6,0.4,0.75,0.5,0.19,16,1,9.2,-4.7,0.3,2.7,-0.1,7.5,0.5,2.8,Jake Layman,SF,310.0,0.3,1.3,0.4,13.3,1.4,8.2,0.483,MIN,15.0,-0.1,0.0,.015,0.452
341,1.9,.531,3.5,1.2,0.347,3.4,0.492,1.0,7.0,29,0.1,0.7,-1.4,0.4,2.8,14.0,0.9,3.0,0.44,6.9,1.1,0.857,1.3,0.181,28,2,20.7,-1.8,0.3,1.8,0.5,11.3,1.6,8.3,Damion Lee,SG,311.0,0.6,1.3,0.6,7.1,3.1,8.1,0.559,GSW,16.8,0.1,1.4,.115,0.526
342,1.7,.508,3.3,0.6,0.263,2.1,0.392,2.6,26.7,22,0.3,1.9,2.0,3.0,2.2,15.9,0.4,2.2,0.412,5.4,1.3,0.742,1.7,0.32,18,0,15.6,-1.0,0.3,1.8,0.1,16.0,0.9,6.3,Saben Lee,PG,312.0,1.2,3.6,0.9,13.3,2.4,8.4,0.511,DET,19.4,0.3,0.5,.088,0.464
343,2.2,.596,3.7,0.3,0.375,0.7,0.152,1.1,9.3,28,0.9,4.2,-2.9,0.5,3.2,19.9,0.3,2.5,0.562,4.4,1.0,0.641,1.6,0.371,24,7,16.9,-3.4,1.2,7.4,0.3,12.6,2.9,6.2,Alex Len,C,313.0,0.2,0.6,1.3,20.8,4.3,13.7,0.61,SAC,16.2,-0.1,0.6,.070,0.59
344,5.2,.488,10.7,1.6,0.31,5.1,0.322,4.0,21.7,27,0.5,1.5,0.0,-0.7,2.6,9.6,0.6,6.8,0.431,15.8,2.6,0.796,3.3,0.211,28,28,30.4,0.8,0.6,2.3,0.7,16.5,2.1,17.8,Caris LeVert,SG,314.0,1.0,1.7,1.8,9.2,3.3,6.0,0.517,IND,27.2,0.4,1.4,.077,0.481
345,1.9,.523,3.7,0.5,0.224,2.4,0.397,2.0,23.0,20,0.0,0.3,-4.2,-1.7,1.3,9.7,0.1,2.5,0.404,6.1,0.4,0.833,0.5,0.082,24,0,14.2,-2.5,0.4,2.8,-0.3,10.2,0.7,5.9,Kira Lewis Jr.,PG,315.0,0.5,1.6,1.1,14.7,1.6,6.2,0.466,NOP,22.2,-0.2,-0.1,-0.020,0.449
347,4.5,.485,9.2,3.2,0.324,9.8,0.514,7.3,33.5,31,0.4,1.0,1.4,-3.0,3.7,11.5,-0.1,7.7,0.402,19.0,5.5,0.878,6.2,0.328,29,29,36.4,4.4,0.4,1.3,2.2,19.5,1.3,24.0,Damian Lillard,PG,317.0,0.6,0.8,2.9,11.6,4.1,6.3,0.55,POR,29.5,0.9,2.2,.099,0.486
348,2.2,.607,3.7,1.0,0.305,3.3,0.473,1.2,7.0,21,0.9,3.4,-1.5,-0.8,4.2,19.6,0.4,3.2,0.464,6.9,1.5,0.723,2.0,0.293,32,13,24.4,-0.8,1.4,6.4,1.0,14.1,2.1,8.9,Nassir Little,SF,318.0,0.7,1.4,0.9,10.7,5.7,12.9,0.569,POR,15.7,0.1,1.4,.084,0.536
350,2.6,.545,4.7,0.0,0.0,0.0,0.006,1.5,10.9,25,0.8,3.9,-0.1,1.5,4.1,21.9,1.5,2.6,0.542,4.7,0.9,0.6,1.4,0.307,38,38,19.7,-1.6,2.3,13.1,1.4,14.9,2.7,6.0,Kevon Looney,C,320.0,0.4,1.1,0.7,12.1,6.4,17.7,0.559,GSW,13.4,0.4,2.9,.183,0.542
353,3.6,.592,6.1,0.0,0.0,0.2,0.028,2.0,19.5,33,0.6,3.0,-1.6,-1.5,1.5,9.2,0.1,3.6,0.575,6.2,0.8,0.591,1.3,0.208,17,5,17.8,-0.2,2.2,13.0,0.5,16.7,1.9,7.9,Robin Lopez,C,322.0,0.1,0.2,1.4,16.6,3.7,11.1,0.584,ORL,19.8,0.0,0.5,.084,0.575
355,1.8,.466,3.9,2.7,0.429,6.3,0.62,2.1,15.8,33,0.2,0.8,8.5,0.9,6.4,31.0,1.2,4.5,0.443,10.2,3.0,0.9,3.3,0.328,30,2,21.7,7.6,1.2,6.2,2.3,24.2,1.1,14.7,Kevin Love,PF,324.0,0.4,0.8,1.2,9.1,7.6,19.0,0.632,CLE,25.8,1.7,3.4,.253,0.575
356,2.5,.564,4.5,2.1,0.322,6.5,0.593,8.3,35.5,35,0.4,1.2,1.0,0.0,3.9,12.9,1.3,4.6,0.42,10.9,2.4,0.842,2.9,0.264,35,35,34.3,1.0,0.6,2.0,1.7,14.9,2.7,13.7,Kyle Lowry,PG,325.0,1.0,1.5,3.2,20.8,4.6,7.5,0.561,MIA,19.9,0.9,3.0,.121,0.516
357,0.5,.400,1.3,1.0,0.381,2.6,0.677,0.8,7.3,26,0.1,0.8,-3.9,-1.4,1.3,9.7,0.1,1.5,0.387,3.9,0.5,0.813,0.7,0.172,24,10,13.9,-2.5,0.3,2.0,0.2,8.9,1.5,4.5,Timothe Luwawu-Cabarrot,SF,326.0,0.4,1.3,0.4,9.1,1.5,5.9,0.545,ATL,14.4,-0.2,0.3,.046,0.516
358,2.1,.534,3.9,0.9,0.299,2.9,0.422,1.0,9.5,26,0.4,1.8,-1.4,-1.0,3.2,20.4,0.5,2.9,0.435,6.8,2.1,0.814,2.5,0.374,34,3,18.2,-0.5,1.2,6.7,0.7,15.0,1.7,8.8,Trey Lyles,PF,327.0,0.4,0.9,1.0,11.0,4.4,13.1,0.558,DET,20.8,0.1,1.2,.089,0.498
359,0.6,.375,1.6,0.4,0.171,2.1,0.562,1.0,10.4,20,0.1,0.7,-6.6,0.0,1.4,10.4,0.3,1.0,0.26,3.7,1.3,0.867,1.5,0.411,20,0,13.9,-6.6,0.4,2.9,-0.4,5.3,1.0,3.6,Theo Maledon,PG,328.0,0.5,1.8,0.9,16.5,1.8,6.6,0.412,OKC,16.1,-0.3,-0.2,-0.034,0.308
360,0.7,.452,1.6,0.7,0.406,1.7,0.508,0.5,6.2,22,0.3,2.3,-0.8,-1.0,1.2,10.7,0.2,1.4,0.429,3.3,0.4,0.727,0.6,0.175,19,2,11.7,0.1,1.1,10.1,0.3,13.0,0.6,3.9,Sandro Mamukelashvili,PF,329.0,0.3,1.1,0.4,10.5,2.3,10.4,0.553,MIL,14.6,0.1,0.5,.110,0.532
361,2.9,.553,5.2,1.1,0.393,2.8,0.35,2.5,12.4,25,0.1,0.3,-0.8,-0.2,3.8,13.3,1.1,4.0,0.497,8.1,1.4,0.753,1.9,0.239,38,14,29.6,-0.7,1.4,5.2,1.7,12.8,2.3,10.6,Terance Mann,SF,330.0,0.5,0.9,1.1,11.3,5.3,9.4,0.593,LAC,14.9,0.3,2.8,.121,0.565
362,1.7,.423,4.0,1.0,0.369,2.7,0.401,0.5,5.5,20,0.3,1.4,-4.9,-1.0,1.8,11.5,0.4,2.7,0.401,6.8,0.6,0.7,0.8,0.123,24,2,16.5,-3.9,0.4,2.5,-0.3,9.3,1.6,7.0,Tre Mann,PG,331.0,0.5,1.4,0.7,9.1,2.3,6.9,0.492,OKC,20.6,-0.3,0.1,.008,0.475
363,2.1,.642,3.3,0.1,0.333,0.2,0.054,0.1,4.8,33,0.1,1.9,-2.9,-1.4,1.4,27.3,0.1,2.2,0.625,3.5,0.5,0.5,1.0,0.286,16,0,5.9,-1.4,0.4,7.9,0.0,21.5,1.2,4.9,Boban Marjanovic,C,332.0,0.0,0.0,0.7,14.9,1.9,17.4,0.627,DAL,34.9,0.0,0.1,.064,0.634
364,3.1,.523,5.9,1.8,0.305,6.0,0.503,1.6,7.7,24,0.5,1.5,-0.8,0.0,4.3,14.8,1.2,4.9,0.413,11.9,1.6,0.855,1.9,0.159,29,29,30.2,-0.8,1.2,4.3,0.6,12.9,1.8,13.3,Lauri Markkanen,PF,333.0,0.7,1.1,0.9,6.8,5.4,9.8,0.521,CLE,19.8,0.3,1.8,.099,0.49
365,0.8,.432,1.9,0.2,0.115,1.3,0.413,1.0,13.3,24,0.2,1.3,-5.9,-0.7,2.1,21.4,0.2,1.0,0.302,3.2,1.3,0.862,1.5,0.46,20,0,10.6,-5.2,0.7,6.9,-0.3,8.5,1.0,3.3,Naji Marshall,SF,334.0,0.4,1.9,1.0,20.1,2.8,14.0,0.436,NOP,19.1,-0.2,-0.1,-0.021,0.325
366,2.4,.597,4.1,1.0,0.364,2.7,0.393,1.0,6.7,26,0.6,2.8,0.9,0.7,2.5,12.5,0.9,3.4,0.505,6.8,1.0,0.667,1.6,0.23,29,7,22.4,0.2,1.1,5.5,1.0,15.0,1.6,8.8,Caleb Martin,SF,335.0,0.9,2.1,0.7,8.9,3.6,9.0,0.593,MIA,16.1,0.5,1.9,.137,0.577
367,2.1,.480,4.4,1.1,0.474,2.3,0.345,2.7,13.2,26,0.5,1.9,0.5,0.5,2.9,11.6,0.5,3.2,0.478,6.6,1.2,0.714,1.6,0.248,34,5,26.8,0.0,1.2,4.7,1.6,14.5,1.7,8.6,Cody Martin,SF,336.0,1.4,2.5,0.8,9.7,4.1,8.1,0.585,CHO,12.9,0.6,2.1,.109,0.56
368,1.8,.511,3.5,0.8,0.297,2.7,0.44,0.8,7.0,26,0.3,1.7,-3.0,-0.8,1.4,9.2,0.3,2.6,0.417,6.2,0.3,0.692,0.5,0.077,27,1,16.4,-2.2,0.6,4.0,0.0,10.3,1.3,6.3,Kelan Martin,SF,337.0,0.5,1.5,0.5,7.5,2.0,6.6,0.492,IND,18.4,-0.1,0.3,.034,0.482
369,2.8,.615,4.5,0.5,0.311,1.7,0.275,1.3,11.5,21,0.5,2.4,-0.2,-1.2,2.6,15.0,0.2,3.3,0.532,6.2,1.0,0.632,1.6,0.257,36,0,18.6,1.0,1.1,6.4,1.3,16.0,1.3,8.1,Kenyon Martin Jr.,SF,338.0,0.4,1.1,0.6,8.2,3.6,10.7,0.589,HOU,17.0,0.3,1.5,.105,0.574
370,1.0,.677,1.4,2.5,0.373,6.8,0.829,0.8,4.0,25,0.5,1.5,-2.6,-2.1,3.1,11.7,0.1,3.5,0.425,8.2,2.2,0.817,2.7,0.331,22,16,28.8,-0.5,0.6,2.2,1.1,11.9,3.1,11.8,Garrison Mathews,SG,339.0,0.7,1.1,0.7,7.2,3.7,7.0,0.624,HOU,15.0,-0.1,1.2,.089,0.58
373,0.8,.714,1.2,1.3,0.421,3.2,0.731,0.7,5.2,35,0.3,1.9,-1.8,-1.1,1.2,6.9,0.1,2.2,0.5,4.3,0.3,0.6,0.4,0.096,12,1,17.7,-0.7,0.4,2.5,0.3,10.5,1.5,5.9,Wesley Matthews,SG,341.0,0.3,0.7,0.5,10.0,1.6,4.7,0.655,MIL,12.2,0.0,0.5,.102,0.654
374,5.1,.505,10.1,1.3,0.38,3.4,0.251,4.5,20.7,21,0.6,1.5,0.3,-0.7,3.1,9.6,0.6,6.4,0.473,13.5,2.8,0.871,3.2,0.234,32,31,34.5,0.9,0.4,1.3,2.0,16.4,2.2,16.8,Tyrese Maxey,PG,342.0,0.7,1.0,1.3,7.8,3.5,5.5,0.565,PHI,21.1,0.6,2.7,.116,0.521
375,1.6,.667,2.4,0.6,0.348,1.6,0.411,0.9,10.8,24,0.0,0.0,0.5,-0.5,1.3,11.0,0.1,2.1,0.536,4.0,0.5,1.0,0.5,0.125,14,5,12.6,1.1,0.4,3.1,0.4,16.1,0.4,5.4,Skylar Mays,SG,343.0,0.5,2.0,0.4,9.2,1.6,7.0,0.635,ATL,16.0,0.1,0.4,.120,0.607
376,0.7,.435,1.6,0.4,0.185,1.9,0.54,1.4,20.7,21,0.1,0.7,-4.2,1.0,0.8,8.7,0.1,1.1,0.3,3.6,0.2,1.0,0.2,0.06,14,2,9.8,-5.2,0.1,1.6,-0.1,8.1,1.0,2.7,Miles McBride,PG,344.0,0.6,2.9,0.2,5.5,0.9,5.1,0.37,NYK,17.6,-0.1,0.0,.011,0.35
378,4.8,.447,10.6,3.2,0.393,8.2,0.435,4.5,21.6,30,0.7,1.9,0.1,-2.0,3.0,9.6,0.1,8.0,0.424,18.8,1.5,0.7,2.1,0.111,24,24,35.3,2.1,1.1,3.5,0.8,16.6,2.1,20.6,CJ McCollum,SG,346.0,1.1,1.5,1.9,8.9,4.1,6.5,0.522,POR,26.7,0.5,0.9,.051,0.509
379,3.5,.538,6.5,0.3,0.28,1.0,0.138,4.8,29.4,29,0.4,1.3,1.4,1.6,2.5,11.6,0.5,3.8,0.503,7.5,0.5,0.8,0.6,0.083,24,6,24.2,-0.1,0.8,3.6,1.0,15.9,1.8,8.4,T.J. McConnell,PG,347.0,1.0,2.1,1.2,13.0,3.3,7.6,0.536,IND,16.2,0.5,1.5,.122,0.522
380,2.3,.537,4.3,1.0,0.289,3.5,0.448,1.1,5.9,21,0.5,2.0,-3.6,0.2,3.2,13.4,1.0,3.3,0.426,7.7,0.6,0.786,0.8,0.104,35,15,26.6,-3.8,1.5,5.5,0.2,9.1,3.5,8.2,Jaden McDaniels,PF,348.0,0.9,1.6,1.1,11.6,4.7,9.3,0.508,MIN,14.4,-0.4,1.2,.060,0.491
381,1.8,.629,2.8,0.9,0.418,2.1,0.429,1.2,8.6,24,0.4,2.3,-1.4,-0.5,2.8,16.9,0.3,2.6,0.538,4.9,0.8,0.659,1.3,0.263,32,2,18.1,-0.9,0.8,4.4,0.9,14.2,1.9,7.0,Jalen McDaniels,SF,349.0,0.6,1.6,0.8,12.6,3.6,10.5,0.641,CHO,14.5,0.1,1.2,.100,0.628
382,2.2,.532,4.2,2.1,0.41,5.2,0.551,1.3,7.6,30,0.1,0.3,-2.3,-2.4,2.2,9.4,0.2,4.3,0.465,9.3,0.6,0.727,0.8,0.091,26,26,24.6,0.1,0.4,1.6,0.7,11.9,1.4,11.4,Doug McDermott,PF,350.0,0.2,0.3,0.7,7.0,2.6,5.5,0.588,SAS,17.9,0.0,1.0,.073,0.578
383,4.4,.664,6.6,0.0,0.25,0.1,0.017,0.7,6.7,34,0.9,4.5,2.1,1.0,5.0,31.1,1.3,4.4,0.657,6.8,1.6,0.692,2.3,0.339,34,10,16.3,1.1,2.4,15.7,1.4,25.0,2.7,10.5,JaVale McGee,C,351.0,0.3,1.0,1.6,17.0,7.4,23.6,0.675,PHO,24.6,0.6,2.7,.234,0.659
385,0.8,.545,1.4,0.3,0.25,1.3,0.476,0.7,11.5,30,0.1,1.2,-5.1,-1.3,1.1,13.8,0.1,1.1,0.405,2.6,0.2,0.75,0.3,0.095,16,0,9.3,-3.8,0.6,6.1,-0.1,8.4,0.7,2.6,Rodney McGruder,SG,353.0,0.2,1.0,0.5,15.5,1.7,9.8,0.48,DET,14.8,-0.1,0.0,.006,0.464
388,0.7,.370,1.8,0.2,0.148,1.0,0.37,2.4,27.6,25,0.0,0.0,-4.6,0.1,0.9,8.7,0.3,0.8,0.288,2.8,0.6,0.682,0.8,0.301,26,2,11.8,-4.7,0.2,2.0,-0.2,8.2,0.5,2.3,Jordan McLaughlin,PG,356.0,0.7,2.7,0.7,18.7,1.2,5.2,0.369,MIN,13.9,-0.2,0.1,.016,0.315
389,0.6,.545,1.1,2.0,0.417,4.8,0.814,0.6,6.6,28,0.0,0.0,-0.9,-2.9,0.8,6.3,-0.1,2.6,0.441,5.9,0.5,0.909,0.6,0.093,20,0,14.5,2.0,0.4,2.6,0.5,14.2,1.2,7.7,Ben McLemore,SG,357.0,0.3,1.0,0.6,8.2,1.2,4.4,0.627,POR,20.2,0.1,0.5,.078,0.61
390,2.2,.489,4.4,1.6,0.336,4.9,0.526,2.8,16.4,23,0.7,2.7,1.4,1.7,3.4,15.2,1.2,3.8,0.408,9.3,1.0,0.738,1.4,0.145,31,13,24.0,-0.2,1.0,4.2,0.3,14.9,1.8,10.3,De'Anthony Melton,SG,358.0,1.6,3.3,1.7,14.7,4.3,9.6,0.517,MEM,20.2,0.6,1.4,.092,0.497
392,2.5,.521,4.8,1.0,0.26,3.8,0.442,1.0,6.6,24,0.7,2.5,-1.2,0.1,5.7,26.3,0.7,3.5,0.406,8.7,1.0,0.765,1.4,0.157,25,16,23.2,-1.3,0.8,3.5,-0.1,12.8,1.5,9.1,Chimezie Metu,C,360.0,0.9,1.8,0.9,8.7,6.5,14.9,0.489,SAC,18.7,0.1,0.5,.046,0.463
394,4.1,.473,8.6,2.1,0.355,6.0,0.412,4.9,24.5,30,0.2,0.7,0.2,-0.7,4.6,15.4,0.9,6.2,0.424,14.6,3.9,0.873,4.5,0.307,28,28,31.1,0.9,0.7,2.3,1.0,17.0,2.2,18.5,Khris Middleton,SF,361.0,1.0,1.6,3.0,15.4,5.3,8.9,0.556,MIL,27.0,0.5,1.9,.105,0.498
396,1.6,.475,3.3,3.3,0.425,7.6,0.7,2.6,12.0,33,0.2,0.6,-0.6,-1.4,1.7,5.6,0.7,4.8,0.44,10.9,0.7,0.897,0.8,0.074,36,21,30.8,0.9,0.3,1.0,1.5,12.6,1.5,13.6,Patty Mills,PG,363.0,0.6,1.0,1.1,9.0,2.0,3.4,0.603,BRK,17.5,0.4,2.2,.094,0.589
397,1.0,.415,2.3,0.3,0.231,1.1,0.329,1.0,12.4,36,0.3,2.8,-3.5,0.5,2.3,21.8,0.4,1.2,0.354,3.4,0.5,0.706,0.7,0.215,23,0,10.9,-4.1,1.1,11.1,0.0,10.1,2.0,3.2,Paul Millsap,PF,364.0,0.2,1.0,0.4,10.4,3.4,16.7,0.428,BRK,16.7,-0.1,0.4,.071,0.392
398,3.1,.480,6.5,0.9,0.316,2.9,0.311,2.8,17.4,25,0.4,1.5,-2.0,-0.5,2.5,11.1,0.5,4.0,0.429,9.4,1.5,0.854,1.8,0.189,27,6,24.7,-1.5,0.5,2.2,0.3,13.0,2.1,10.5,Shake Milton,PG,365.0,0.7,1.5,1.1,10.1,3.0,6.7,0.516,PHI,20.7,0.0,0.8,.058,0.478
399,2.7,.462,5.9,1.1,0.3,3.8,0.395,3.3,19.6,23,0.2,0.7,-3.6,-1.4,1.7,7.4,0.2,3.9,0.398,9.7,0.6,0.667,0.9,0.091,34,1,24.9,-2.2,0.5,2.1,0.1,10.2,1.9,9.4,Davion Mitchell,PG,366.0,0.6,1.3,1.0,9.3,2.2,4.8,0.469,SAC,19.0,-0.3,0.2,.013,0.457
400,6.1,.550,11.1,3.2,0.34,9.4,0.459,5.1,26.3,25,0.2,0.6,4.4,-0.1,3.0,9.2,1.4,9.3,0.454,20.5,3.7,0.878,4.2,0.207,35,35,33.2,4.5,0.9,3.0,2.8,22.3,2.4,25.5,Donovan Mitchell,SG,367.0,1.6,2.4,3.0,11.8,3.9,6.3,0.571,UTA,32.8,1.9,4.2,.173,0.532
401,5.5,.532,10.3,0.5,0.306,1.6,0.136,2.5,11.4,20,1.8,4.6,1.9,2.2,6.6,20.4,1.9,6.0,0.501,12.0,2.3,0.767,3.0,0.251,30,30,33.7,-0.3,1.6,5.3,1.1,16.6,2.2,14.8,Evan Mobley,PF,368.0,0.8,1.2,1.6,10.9,8.2,13.1,0.557,CLE,19.3,1.0,3.0,.140,0.522
402,2.3,.606,3.7,2.0,0.384,5.2,0.582,2.2,12.5,23,0.4,1.5,-0.2,-0.7,2.4,9.4,0.7,4.3,0.477,8.9,1.1,0.844,1.3,0.148,34,7,25.6,0.5,0.4,1.7,1.2,14.2,1.4,11.6,Malik Monk,SG,369.0,0.7,1.3,1.3,11.7,2.8,5.7,0.611,LAL,18.0,0.4,1.9,.102,0.589
404,0.6,.625,1.0,0.2,0.133,1.3,0.556,0.3,5.7,19,0.2,2.3,-5.4,-0.5,0.9,13.1,0.3,0.8,0.352,2.3,0.3,0.727,0.5,0.204,24,1,7.0,-4.8,0.2,2.7,-0.1,6.5,0.5,2.1,Moses Moody,SG,371.0,0.1,0.9,0.2,6.4,1.0,8.2,0.425,GSW,16.3,-0.1,0.1,.031,0.389
407,7.7,.519,14.9,1.6,0.39,4.2,0.221,6.6,35.5,22,0.4,1.1,6.3,0.0,4.4,15.0,1.0,9.4,0.491,19.1,4.7,0.775,6.0,0.316,28,28,32.2,6.3,1.4,4.4,2.6,25.6,1.3,25.0,Ja Morant,PG,374.0,1.4,2.1,3.2,12.8,5.8,9.6,0.576,MEM,32.3,1.9,3.5,.188,0.534
410,3.7,.489,7.5,2.0,0.367,5.4,0.421,2.3,12.0,32,0.3,0.8,-0.1,-0.7,4.6,15.3,0.6,5.7,0.438,12.9,2.4,0.88,2.8,0.215,18,18,30.4,0.6,0.6,2.2,0.6,14.5,2.1,15.8,Marcus Morris,PF,377.0,0.5,0.8,1.3,8.3,5.2,8.9,0.557,LAC,22.3,0.3,1.2,.101,0.515
412,3.5,.542,6.5,1.7,0.39,4.4,0.403,4.2,21.4,26,0.2,0.5,-0.8,-0.8,2.4,8.8,0.6,5.3,0.481,11.0,0.6,0.792,0.7,0.066,33,32,30.0,0.0,0.3,1.1,1.3,14.2,1.5,12.8,Monte Morris,PG,379.0,0.7,1.2,1.2,9.9,2.7,5.0,0.569,DEN,18.6,0.3,2.0,.096,0.559
415,0.5,.333,1.4,0.9,0.283,3.1,0.687,0.2,2.3,27,0.1,0.5,-8.7,-2.0,1.3,10.4,0.0,1.3,0.299,4.5,0.1,1.0,0.1,0.03,15,2,13.0,-6.6,0.1,1.1,-0.4,2.4,0.8,3.7,Mychal Mulder,PG,381.0,0.3,1.0,0.5,10.5,1.4,5.8,0.405,ORL,16.8,-0.3,-0.4,-0.095,0.396
417,0.3,.324,1.0,1.0,0.34,2.9,0.74,0.6,6.3,21,0.1,0.8,-3.9,-1.7,1.5,12.4,0.2,1.3,0.336,3.9,0.4,0.867,0.4,0.115,34,0,13.4,-2.1,0.6,4.9,0.2,8.3,1.0,3.9,Trey Murphy III,SF,383.0,0.3,1.1,0.3,7.4,2.1,8.5,0.487,NOP,14.0,-0.2,0.3,.035,0.462
418,6.2,.474,13.1,1.3,0.336,4.0,0.234,8.9,38.2,25,0.4,1.0,4.2,1.9,7.2,21.9,1.7,7.6,0.442,17.1,1.5,0.696,2.2,0.126,32,32,34.2,2.4,1.2,3.6,1.3,20.3,1.9,18.0,Dejounte Murray,PG,384.0,2.0,2.8,2.4,11.6,8.4,12.7,0.497,SAS,25.3,1.7,2.9,.127,0.481
419,0.9,.491,1.9,1.6,0.421,3.8,0.667,0.5,6.5,30,0.7,4.5,5.2,1.2,2.6,19.4,0.6,2.5,0.444,5.7,1.4,0.875,1.6,0.281,30,0,14.0,4.0,0.4,3.1,1.1,20.4,1.3,8.1,Mike Muscala,C,385.0,0.4,1.3,0.3,4.9,3.1,11.1,0.63,OKC,20.8,0.8,1.7,.196,0.585
420,1.4,.529,2.6,1.1,0.324,3.3,0.56,1.2,9.2,24,0.1,0.6,-1.9,-0.5,1.9,11.8,0.4,2.4,0.415,5.8,0.7,0.828,0.9,0.15,33,5,18.3,-1.4,0.5,3.1,0.4,11.2,1.3,6.6,Svi Mykhailiuk,SF,386.0,0.7,1.9,0.8,10.8,2.5,7.2,0.532,TOR,16.3,0.0,0.9,.069,0.505
421,0.6,.381,1.5,0.3,0.286,1.0,0.4,0.5,6.0,28,0.3,2.4,-5.1,1.9,1.6,16.2,0.3,0.9,0.343,2.5,0.4,0.6,0.7,0.286,14,0,10.4,-7.0,0.3,3.0,-0.3,5.1,1.4,2.4,Abdel Nader,SF,387.0,0.6,2.6,0.8,21.8,1.9,9.8,0.431,PHO,14.9,-0.1,0.0,.002,0.4
422,2.2,.610,3.7,0.5,0.306,1.7,0.313,2.0,12.3,29,0.4,1.4,0.5,0.4,4.1,19.9,0.5,2.8,0.515,5.4,0.9,0.653,1.3,0.247,37,11,23.2,0.1,1.6,7.4,1.5,14.9,1.8,6.9,Larry Nance Jr.,PF,388.0,1.0,2.2,0.7,11.0,5.6,13.5,0.581,POR,12.5,0.5,2.0,.113,0.563
424,0.6,.607,1.0,0.6,0.238,2.3,0.692,0.4,4.9,22,0.0,0.3,-6.5,-0.5,1.4,14.0,0.3,1.2,0.352,3.4,0.3,0.778,0.3,0.099,27,1,10.9,-6.0,0.3,2.5,-0.4,4.2,1.4,3.2,Aaron Nesmith,SF,390.0,0.3,1.3,0.6,15.2,1.7,8.2,0.453,BOS,16.7,-0.3,-0.2,-0.028,0.434
425,2.8,.527,5.3,0.4,0.259,1.7,0.242,2.7,19.3,29,0.0,0.1,-3.5,-0.3,1.8,9.6,0.4,3.2,0.462,7.0,1.2,0.725,1.6,0.229,32,0,20.6,-3.2,0.2,1.0,0.1,11.5,1.7,8.0,Raul Neto,PG,391.0,0.8,1.8,1.2,13.7,2.0,5.4,0.524,WAS,19.2,-0.3,0.5,.038,0.493
427,1.7,.519,3.2,2.0,0.399,5.1,0.613,1.3,8.8,28,0.2,1.0,-1.2,-1.1,2.5,11.6,0.5,3.7,0.445,8.3,0.9,0.857,1.1,0.128,33,5,23.3,-0.1,0.3,1.5,1.0,12.8,2.4,10.3,Georges Niang,PF,393.0,0.5,1.1,0.7,7.4,2.8,6.6,0.589,PHI,18.4,0.1,1.5,.091,0.568
429,1.1,.458,2.4,1.0,0.452,2.1,0.467,0.4,3.9,21,0.3,1.9,-2.6,-1.7,2.1,15.1,0.2,2.1,0.456,4.5,1.0,0.613,1.6,0.344,20,0,14.9,-0.9,0.9,6.8,0.4,12.9,1.6,6.0,Zeke Nnaji,PF,395.0,0.2,0.7,0.4,6.3,3.0,11.0,0.579,DEN,16.5,0.0,0.7,.108,0.561
430,1.3,.537,2.4,0.0,0.0,0.1,0.047,0.8,4.9,27,1.5,6.2,-0.7,2.1,3.6,17.2,0.6,1.3,0.512,2.5,0.9,0.833,1.1,0.419,17,10,23.1,-2.9,2.2,10.0,0.4,12.1,2.6,3.5,Nerlens Noel,C,396.0,1.1,2.3,0.9,22.8,5.8,13.6,0.579,NYK,7.4,0.1,1.0,.121,0.512
431,2.3,.524,4.3,0.8,0.339,2.3,0.352,1.9,22.8,22,0.2,1.5,1.3,0.3,1.6,13.0,0.3,3.0,0.459,6.6,0.7,0.727,0.9,0.138,24,0,13.8,1.0,0.3,2.1,0.6,17.2,1.0,7.5,Jaylen Nowell,SG,397.0,0.5,1.7,0.5,7.2,1.9,7.3,0.537,MIN,22.9,0.3,0.9,.129,0.519
432,0.9,.397,2.3,0.9,0.348,2.5,0.523,1.5,14.3,23,0.1,0.7,-2.0,1.1,1.4,10.2,0.5,1.8,0.371,4.7,0.7,1.0,0.7,0.144,28,5,14.9,-3.0,0.2,1.3,0.0,10.2,1.2,5.0,Frank Ntilikina,PG,398.0,0.7,2.4,0.7,11.9,1.5,5.7,0.502,DAL,17.1,0.0,0.5,.061,0.462
433,5.0,.606,8.3,0.1,0.172,0.9,0.093,2.4,15.3,27,0.5,1.8,1.0,0.3,7.7,33.8,0.9,5.2,0.566,9.1,3.0,0.729,4.1,0.45,34,34,25.8,0.7,2.4,10.1,1.9,21.3,3.3,13.5,Jusuf Nurkic,C,399.0,1.1,2.1,2.1,16.4,10.1,21.7,0.616,POR,22.2,0.7,2.7,.149,0.574
434,1.7,.542,3.2,0.3,0.323,1.0,0.244,0.9,9.4,29,0.5,3.3,0.0,0.2,3.0,23.2,0.4,2.1,0.488,4.2,0.8,0.694,1.2,0.283,30,4,14.1,-0.2,0.9,7.0,0.5,16.0,1.3,5.3,David Nwaba,SF,400.0,0.7,2.4,0.5,9.5,3.9,15.1,0.557,HOU,15.8,0.2,1.0,.109,0.528
436,1.9,.459,4.1,1.6,0.385,4.1,0.5,1.1,8.0,23,0.4,2.0,-2.2,-0.9,3.5,17.9,0.7,3.4,0.422,8.1,0.5,0.824,0.6,0.07,30,6,20.3,-1.2,0.7,3.9,0.1,12.3,1.2,8.9,Jordan Nwora,SF,401.0,0.5,1.1,1.1,11.6,4.2,11.0,0.531,MIL,20.0,0.0,0.8,.061,0.518
437,1.3,.643,1.9,1.4,0.389,3.6,0.652,2.5,10.5,28,0.5,1.4,2.3,2.4,4.1,13.4,1.5,2.7,0.478,5.6,0.6,0.71,0.9,0.154,36,36,31.1,-0.2,0.9,3.2,1.6,11.3,2.4,7.4,Royce O'Neale,SF,402.0,1.3,2.0,1.0,14.0,4.9,8.6,0.617,UTA,9.6,1.2,3.1,.132,0.604
438,0.4,.231,1.9,0.6,0.216,2.6,0.587,0.4,2.4,27,0.4,1.9,-7.3,-2.2,2.1,11.9,0.2,1.0,0.222,4.5,0.6,0.818,0.8,0.175,14,0,18.7,-5.2,1.7,9.8,-0.2,4.5,1.5,3.2,Semi Ojeleye,PF,403.0,0.3,0.7,0.4,6.9,3.9,10.9,0.332,MIL,11.9,-0.4,0.0,-0.001,0.286
439,1.8,.510,3.5,1.0,0.241,4.0,0.533,1.3,8.5,23,0.4,1.6,-2.7,0.7,3.5,16.7,0.6,2.8,0.367,7.5,0.9,0.862,1.0,0.138,28,5,22.5,-3.5,0.6,2.7,-0.5,9.9,1.4,7.4,Chuma Okeke,PF,404.0,1.3,2.7,1.0,11.2,4.1,9.7,0.462,ORL,17.2,-0.1,0.1,.007,0.431
440,0.5,.400,1.3,0.3,0.269,1.1,0.464,0.7,7.3,23,0.3,2.6,-3.3,1.2,1.3,10.7,0.4,0.8,0.339,2.4,0.7,0.571,1.2,0.5,23,6,13.5,-4.5,0.9,6.8,-0.1,7.6,1.4,2.7,Josh Okogie,SG,405.0,0.7,2.3,0.7,18.0,2.2,8.7,0.446,MIN,11.3,-0.1,0.3,.040,0.402
442,2.4,.542,4.4,0.9,0.321,2.9,0.398,1.9,9.1,21,0.3,0.8,-1.7,0.8,2.4,8.9,0.9,3.3,0.454,7.3,1.5,0.719,2.1,0.291,27,23,28.4,-2.5,1.2,4.8,0.6,10.2,2.5,9.0,Isaac Okoro,SF,407.0,0.8,1.4,1.1,12.3,3.6,6.9,0.552,CLE,14.3,0.1,1.5,.096,0.518
443,1.0,.488,2.0,0.4,0.346,1.2,0.377,0.7,8.3,22,0.3,3.1,-2.8,0.0,1.4,13.7,0.3,1.4,0.435,3.3,0.4,0.727,0.5,0.159,21,0,11.6,-2.8,0.5,5.0,0.2,10.8,1.2,3.7,KZ Okpala,PF,408.0,0.2,0.8,0.2,6.3,2.0,9.4,0.521,MIA,14.3,0.0,0.5,.100,0.5
447,0.1,1.000,0.1,0.1,0.125,0.5,0.889,0.3,13.9,24,0.0,0.0,-7.7,-0.4,0.4,14.0,0.0,0.1,0.222,0.6,0.0,0.0,0.1,0.111,16,0,2.8,-7.3,0.1,2.6,-0.1,0.5,0.4,0.3,Miye Oni,SG,412.0,0.0,0.0,0.1,9.6,0.4,8.6,0.265,UTA,10.2,-0.1,0.0,-0.022,0.278
448,1.7,.556,3.1,2.3,0.397,5.8,0.651,1.8,12.4,26,0.3,1.2,3.7,1.9,2.3,10.6,0.9,4.0,0.453,8.9,1.1,0.707,1.6,0.177,26,0,22.4,1.8,0.4,2.1,0.9,16.2,1.8,11.5,Cedi Osman,SF,413.0,1.0,2.3,1.0,9.1,2.7,6.5,0.598,CLE,20.6,0.8,1.8,.150,0.582
450,3.1,.573,5.5,2.9,0.38,7.7,0.585,1.2,6.4,26,0.3,1.1,-0.9,-2.0,2.9,11.3,0.3,6.1,0.46,13.2,1.5,0.667,2.3,0.175,39,10,28.2,1.1,1.0,3.6,1.5,16.3,2.4,16.6,Kelly Oubre Jr.,SF,415.0,1.1,1.9,1.1,7.1,3.9,7.4,0.585,CHO,22.9,0.3,1.9,.081,0.571
453,0.5,.474,1.1,0.3,0.231,1.4,0.578,1.7,26.0,29,0.0,0.0,-5.9,-2.0,0.4,5.3,0.1,0.8,0.333,2.5,0.2,0.75,0.2,0.089,18,3,8.7,-3.9,0.1,1.4,0.0,7.0,0.6,2.2,Kevin Pangos,PG,418.0,0.1,0.6,0.4,13.0,0.6,3.4,0.417,CLE,14.9,-0.2,0.1,.036,0.4
454,0.8,.455,1.8,0.7,0.5,1.3,0.421,0.5,8.4,26,0.1,0.8,0.3,0.5,1.9,22.3,0.2,1.5,0.474,3.2,0.8,1.0,0.8,0.237,12,0,9.3,-0.1,0.4,4.7,0.2,15.4,1.1,4.4,Jabari Parker,PF,419.0,0.3,1.8,0.7,16.0,2.3,13.4,0.632,BOS,19.5,0.1,0.3,.130,0.579
455,0.6,.652,0.9,0.5,0.293,1.6,0.641,0.6,7.1,25,0.1,1.0,-1.8,-0.3,1.2,11.9,0.2,1.1,0.422,2.6,0.6,0.667,0.8,0.328,25,0,10.4,-1.5,0.5,5.7,0.2,9.4,0.7,3.2,Eric Paschall,PF,420.0,0.1,0.6,0.5,14.1,1.7,8.9,0.546,UTA,14.2,0.0,0.4,.078,0.516
457,4.3,.532,8.1,1.0,0.322,3.0,0.272,10.1,43.2,36,0.3,0.7,4.9,2.3,4.1,12.9,2.2,5.3,0.475,11.1,2.6,0.836,3.1,0.274,38,38,32.2,2.6,0.4,1.2,3.3,20.6,2.1,14.1,Chris Paul,PG,421.0,1.9,2.8,2.3,15.4,4.4,7.2,0.565,PHO,19.6,2.1,5.5,.216,0.519
458,2.8,.433,6.5,1.1,0.321,3.4,0.343,3.6,25.5,27,0.3,1.4,-1.2,0.3,2.5,12.7,1.0,3.9,0.394,9.9,1.5,0.864,1.8,0.18,33,0,20.5,-1.5,0.4,2.1,-0.4,12.7,1.9,10.5,Cameron Payne,PG,422.0,0.7,1.6,1.9,15.3,2.9,7.5,0.489,PHO,26.5,0.1,0.6,.046,0.45
459,1.6,.415,3.9,0.0,0.2,0.2,0.057,1.9,20.9,27,0.1,0.7,-4.0,0.9,1.6,13.2,0.4,1.7,0.402,4.1,0.4,0.533,0.7,0.172,21,0,12.1,-4.9,0.5,4.6,-0.4,8.2,1.1,3.8,Elfrid Payton,PG,423.0,0.5,2.1,1.1,19.7,2.1,9.0,0.422,PHO,19.6,-0.1,0.0,.001,0.408
460,2.5,.769,3.3,0.7,0.409,1.8,0.353,0.8,7.2,29,0.2,1.4,5.7,3.5,2.5,15.8,1.4,3.2,0.642,5.1,0.6,0.59,1.1,0.209,37,8,16.8,2.2,1.1,7.4,1.7,20.9,1.6,7.8,Gary Payton II,PG,424.0,1.3,3.8,0.5,8.5,3.6,11.7,0.71,GSW,15.6,1.2,3.2,.245,0.714
464,2.9,.619,4.6,0.0,0.0,0.0,0.007,2.8,14.7,31,0.9,3.6,-0.2,1.1,4.9,21.5,0.5,2.9,0.614,4.7,0.9,0.391,2.3,0.493,30,30,25.0,-1.3,2.3,9.3,1.2,14.8,2.8,6.6,Mason Plumlee,C,428.0,0.8,1.6,1.2,17.0,7.2,15.2,0.584,CHO,11.6,0.3,1.8,.113,0.614
465,5.7,.601,9.5,0.0,0.0,0.0,0.0,2.8,14.0,26,1.4,4.1,0.5,0.2,4.8,17.8,1.0,5.7,0.601,9.5,0.8,0.347,2.4,0.252,30,29,28.4,0.4,4.0,14.5,1.6,19.2,3.1,12.3,Jakob Poeltl,C,429.0,0.6,1.0,1.7,13.6,8.8,16.1,0.581,SAS,18.3,0.5,2.6,.144,0.601
466,1.3,.446,3.0,0.5,0.22,2.4,0.448,1.1,11.3,20,0.5,3.2,-5.1,0.4,3.1,21.3,0.7,1.9,0.344,5.4,0.2,0.5,0.4,0.077,34,2,15.1,-5.5,1.0,6.4,-1.2,7.7,1.2,4.4,Aleksej Pokusevski,PF,430.0,0.5,1.6,1.1,17.1,4.1,13.7,0.399,OKC,19.3,-0.4,-0.5,-0.046,0.393
468,3.5,.580,6.0,2.6,0.337,7.6,0.557,3.5,18.2,22,0.2,0.6,-0.2,0.0,2.9,10.3,1.4,6.1,0.445,13.6,2.8,0.89,3.1,0.229,32,29,30.0,-0.3,0.3,1.0,0.9,14.5,2.9,17.5,Jordan Poole,SG,432.0,1.0,1.6,2.5,14.1,3.2,5.8,0.582,GSW,25.4,0.4,2.3,.116,0.539
469,2.4,.384,6.3,1.9,0.333,5.7,0.475,5.8,29.7,21,0.4,1.2,-4.5,-1.7,3.5,12.6,0.3,4.3,0.36,12.1,2.0,0.605,3.3,0.273,23,23,30.0,-2.8,0.8,3.0,-1.2,9.6,2.5,12.6,Kevin Porter Jr.,PG,433.0,1.4,2.2,3.9,22.4,4.3,7.8,0.466,HOU,24.7,-0.4,-0.9,-0.060,0.439
471,1.4,.561,2.6,1.6,0.398,4.0,0.61,1.4,9.5,28,0.5,2.1,3.2,2.0,4.0,19.9,1.4,3.0,0.462,6.6,0.5,0.789,0.6,0.09,32,4,21.3,1.3,1.0,5.2,1.1,15.5,1.3,8.1,Otto Porter Jr.,PF,435.0,0.9,2.1,0.6,8.0,5.0,12.9,0.595,GSW,15.2,0.9,2.5,.175,0.583
472,3.8,.504,7.6,2.0,0.437,4.6,0.376,1.3,7.5,26,0.9,3.2,0.9,-0.9,6.1,22.8,1.2,5.8,0.479,12.2,1.6,0.781,2.1,0.169,31,26,27.8,1.8,2.8,10.9,1.6,19.6,2.7,15.3,Bobby Portis,C,436.0,0.8,1.3,1.6,10.8,8.9,16.9,0.584,MIL,22.7,0.6,2.9,.161,0.561
473,5.7,.538,10.5,1.5,0.282,5.5,0.342,2.3,13.6,26,1.7,5.1,4.2,0.5,5.8,21.5,1.3,7.2,0.451,16.0,4.7,0.883,5.3,0.33,26,26,30.4,3.8,2.2,7.6,1.8,23.8,2.3,20.6,Kristaps Porzingis,PF,437.0,0.8,1.3,1.5,7.4,8.0,14.4,0.563,DAL,29.1,1.2,3.1,.190,0.499
475,2.3,.632,3.6,0.3,0.429,0.7,0.171,1.1,8.1,30,0.4,1.7,-0.2,0.4,2.6,14.4,0.9,2.6,0.598,4.3,1.4,0.712,1.9,0.445,38,35,20.2,-0.6,2.0,10.8,2.0,15.7,2.4,6.8,Dwight Powell,C,439.0,0.5,1.3,0.7,12.5,4.6,12.5,0.663,DAL,13.1,0.4,2.9,.180,0.634
478,4.1,.500,8.2,2.2,0.394,5.5,0.4,2.1,10.4,28,0.5,1.3,-1.1,-1.8,2.5,8.6,0.1,6.2,0.458,13.6,4.0,0.83,4.8,0.353,33,33,32.8,0.8,0.3,1.1,1.9,16.1,2.3,18.6,Norman Powell,SF,441.0,1.0,1.5,1.6,9.1,2.8,4.8,0.591,POR,23.0,0.3,2.0,.089,0.537
479,0.4,.429,1.0,0.6,0.391,1.6,0.622,0.9,12.1,19,0.4,3.8,1.2,1.1,1.1,12.3,0.2,1.1,0.405,2.6,0.4,0.833,0.4,0.162,14,0,9.7,0.1,0.4,4.6,0.1,12.9,0.7,3.1,Joshua Primo,SG,442.0,0.4,1.8,0.4,13.1,1.6,8.4,0.555,SAS,14.2,0.1,0.3,.099,0.527
480,0.8,.500,1.6,0.9,0.312,2.9,0.647,0.8,7.5,27,0.2,1.4,-3.3,-0.1,1.8,12.8,0.4,1.7,0.378,4.4,0.6,0.773,0.8,0.185,27,8,15.3,-3.1,0.4,2.7,0.0,8.3,1.4,4.9,Taurean Prince,PF,443.0,0.4,1.4,0.6,11.7,2.2,7.5,0.509,MIN,14.7,-0.1,0.4,.050,0.479
481,0.6,.364,1.8,1.1,0.357,3.2,0.641,1.8,19.5,24,0.1,0.9,-2.7,-1.4,1.5,11.9,0.3,1.8,0.359,4.9,0.3,1.0,0.3,0.052,31,2,13.5,-1.3,0.4,3.0,0.1,9.8,0.9,4.9,Payton Pritchard,SG,444.0,0.2,0.6,0.7,12.8,1.9,7.4,0.489,BOS,18.7,-0.1,0.3,.039,0.474
484,1.6,.448,3.6,1.8,0.342,5.3,0.595,2.5,18.1,22,0.1,0.3,-1.7,-1.0,1.9,9.4,0.5,3.4,0.385,8.8,1.9,0.942,2.0,0.223,35,1,22.4,-0.7,0.4,1.8,0.9,12.9,2.1,10.5,Immanuel Quickley,PG,447.0,0.6,1.4,1.2,10.8,2.3,5.6,0.539,NYK,21.5,0.1,1.4,.085,0.487
485,0.8,.500,1.7,0.2,0.182,0.8,0.333,0.2,5.5,20,0.1,1.0,-7.8,-3.4,0.2,3.9,0.0,1.0,0.394,2.5,0.4,0.5,0.8,0.303,13,0,6.2,-4.3,0.1,1.3,-0.1,6.6,0.4,2.5,Jahmi'us Ramsey,SG,448.0,0.1,0.6,0.2,5.1,0.3,2.6,0.441,SAC,20.8,-0.1,-0.1,-0.055,0.424
486,5.3,.471,11.2,1.8,0.324,5.6,0.333,4.9,23.7,27,0.6,1.6,0.6,-0.1,8.3,25.4,1.6,7.1,0.422,16.8,3.7,0.764,4.8,0.287,37,37,35.5,0.7,1.8,5.4,0.4,16.7,2.8,19.6,Julius Randle,PF,449.0,0.8,1.1,3.4,15.3,10.1,15.3,0.52,NYK,27.8,0.9,2.0,.073,0.476
487,1.1,.677,1.6,0.9,0.37,2.3,0.597,1.1,7.2,23,0.1,0.4,-3.3,-0.7,2.2,10.9,0.2,1.9,0.494,3.9,0.9,0.9,1.0,0.26,20,0,20.3,-2.7,0.3,1.6,0.5,8.9,1.6,5.6,Austin Reaves,SG,450.0,0.3,0.6,0.6,12.3,2.5,6.4,0.647,LAL,10.3,-0.1,0.7,.087,0.604
488,2.5,.428,5.8,1.8,0.382,4.8,0.448,1.2,7.0,22,0.3,1.3,-1.4,-1.1,1.9,8.6,0.4,4.3,0.407,10.6,2.3,0.9,2.5,0.236,32,7,24.4,-0.3,0.6,2.8,0.4,14.0,1.4,12.7,Cam Reddish,SF,451.0,1.1,2.2,1.3,10.3,2.6,5.7,0.542,ATL,23.3,0.1,0.8,.049,0.493
489,1.2,.538,2.2,0.6,0.35,1.7,0.435,1.3,10.4,26,0.2,0.9,0.2,2.6,2.5,15.6,0.3,1.8,0.457,3.8,0.3,0.8,0.4,0.109,12,2,17.6,-2.4,0.5,3.2,0.2,11.9,1.9,4.4,Davon Reed,SG,452.0,1.2,3.3,0.3,7.7,3.0,9.5,0.55,DEN,11.0,0.1,0.5,.119,0.533
490,1.1,.526,2.0,0.0,0.0,0.2,0.095,0.5,8.0,22,0.5,5.1,-2.1,1.6,1.4,15.8,0.3,1.1,0.476,2.2,0.2,0.5,0.3,0.143,19,2,9.4,-3.7,1.1,12.5,0.1,13.9,1.5,2.3,Paul Reed,C,453.0,0.6,3.4,0.4,13.6,2.4,14.2,0.482,PHI,13.0,0.0,0.4,.111,0.476
491,2.5,.530,4.7,0.9,0.337,2.5,0.352,0.7,7.1,22,0.9,5.2,0.1,0.2,2.5,16.3,0.8,3.3,0.462,7.2,1.5,0.72,2.1,0.296,35,5,17.0,-0.1,1.5,9.0,0.8,17.2,2.4,9.1,Naz Reid,C,454.0,0.5,1.5,0.9,10.3,4.0,12.5,0.556,MIN,22.4,0.3,1.6,.128,0.522
492,1.6,.685,2.4,0.0,0.0,0.0,0.0,0.4,5.4,24,0.6,6.3,-1.4,0.1,1.3,15.6,0.2,1.6,0.685,2.4,0.8,0.828,0.9,0.397,31,5,9.3,-1.5,0.9,9.7,0.7,18.4,1.4,4.0,Nick Richards,C,455.0,0.3,1.5,0.6,17.3,2.2,12.5,0.723,CHO,15.3,0.0,0.9,.152,0.685
493,2.3,.504,4.6,1.4,0.4,3.5,0.432,1.4,8.6,28,0.4,1.6,0.0,0.5,2.2,9.3,0.7,3.7,0.459,8.1,1.6,0.84,1.9,0.227,27,0,25.5,-0.5,0.6,2.6,1.0,13.5,2.1,10.4,Josh Richardson,SG,456.0,0.9,1.7,0.8,8.0,2.8,5.9,0.583,BOS,16.7,0.4,1.7,.117,0.545
494,1.0,.510,2.0,1.0,0.295,3.4,0.633,1.1,7.4,29,0.1,0.4,-5.7,-1.1,1.3,7.4,0.3,2.0,0.374,5.3,0.3,0.583,0.5,0.086,26,8,19.9,-4.6,0.3,2.0,-0.4,5.5,1.4,5.3,Austin Rivers,SG,457.0,0.4,1.1,0.7,11.6,1.7,4.7,0.475,DEN,14.1,-0.5,-0.1,-0.005,0.468
495,1.0,.530,1.8,3.0,0.352,8.5,0.823,1.5,7.9,27,0.2,0.9,-0.9,-0.3,3.0,11.9,1.0,4.0,0.383,10.4,0.6,0.793,0.8,0.078,36,35,28.1,-0.6,0.4,1.5,0.8,10.5,2.7,11.6,Duncan Robinson,SG,458.0,0.7,1.2,0.7,6.3,3.4,6.7,0.54,MIA,18.0,0.3,1.8,.084,0.528
496,0.4,.313,1.3,0.7,0.295,2.4,0.656,1.3,14.5,24,0.0,0.3,-7.7,-1.4,0.7,6.0,0.2,1.1,0.301,3.7,0.2,0.5,0.3,0.086,25,0,12.2,-6.3,0.2,1.4,-0.5,3.9,1.1,3.1,Justin Robinson,PG,459.0,0.4,1.4,0.7,15.0,0.8,3.7,0.404,TOT,16.0,-0.4,-0.3,-0.045,0.398
500,3.2,.771,4.1,0.0,0.0,0.0,0.0,0.5,3.0,23,1.6,6.3,0.9,0.6,4.7,20.6,1.2,3.2,0.771,4.1,1.1,0.574,1.9,0.472,35,26,24.6,0.3,3.3,14.3,2.6,19.3,2.7,7.5,Mitchell Robinson,C,460.0,0.5,1.0,0.7,12.1,8.0,17.4,0.75,NYK,10.2,0.6,3.8,.212,0.771
502,1.6,.495,3.2,1.2,0.352,3.3,0.502,0.8,5.7,21,0.3,1.3,-2.6,-0.6,4.0,18.4,0.8,2.8,0.423,6.5,0.8,0.703,1.1,0.172,33,25,22.4,-1.9,1.7,7.4,0.4,11.7,1.5,7.5,Jeremiah Robinson-Earl,C,461.0,0.5,1.1,0.9,11.1,5.7,12.8,0.532,OKC,15.2,-0.1,1.1,.074,0.512
503,2.0,.581,3.4,0.6,0.5,1.2,0.262,0.7,9.2,23,0.3,2.3,0.0,-0.5,2.2,16.3,0.2,2.6,0.56,4.7,0.9,0.762,1.2,0.25,18,5,13.7,0.4,1.1,8.1,0.5,17.8,1.4,6.7,Isaiah Roby,PF,462.0,0.2,0.8,0.8,13.9,3.3,12.1,0.649,OKC,19.0,0.1,0.7,.142,0.625
504,0.8,.366,2.3,0.4,0.267,1.7,0.423,3.7,30.2,35,0.3,1.6,-4.4,0.2,2.2,13.9,0.3,1.3,0.324,3.9,0.1,0.5,0.1,0.028,18,0,16.1,-4.6,0.6,3.8,-0.5,6.8,1.4,3.1,Rajon Rondo,PG,463.0,0.7,2.0,1.9,32.1,2.7,9.0,0.383,LAL,15.7,-0.2,-0.2,-0.037,0.38
505,3.3,.467,7.0,1.4,0.402,3.5,0.336,4.0,27.6,33,0.5,1.8,2.0,-0.6,2.2,9.7,0.5,4.7,0.445,10.5,1.2,0.968,1.2,0.113,26,4,24.5,2.6,0.8,3.5,0.9,17.7,0.6,12.0,Derrick Rose,PG,464.0,0.8,1.7,1.5,11.9,3.0,6.6,0.541,NYK,22.7,0.6,1.5,.111,0.513
506,2.7,.497,5.4,1.5,0.302,4.8,0.472,2.2,13.7,30,0.2,0.7,-2.8,-1.3,2.4,9.7,0.2,4.1,0.405,10.2,2.4,0.872,2.8,0.272,31,0,26.0,-1.6,0.4,1.6,0.1,11.8,1.3,12.1,Terrence Ross,SG,465.0,0.6,1.2,1.6,12.2,2.7,5.6,0.531,ORL,21.6,-0.2,0.4,.023,0.476
507,3.7,.480,7.6,2.8,0.378,7.4,0.492,3.4,15.8,27,0.5,1.4,0.3,-1.5,3.1,10.7,0.2,6.5,0.43,15.0,1.8,0.803,2.2,0.146,30,30,31.6,1.8,0.7,2.3,1.3,16.5,1.4,17.5,Terry Rozier,SG,466.0,1.1,1.7,1.2,6.8,3.8,6.4,0.547,CHO,23.0,0.6,1.5,.078,0.523
508,2.6,.380,7.0,1.7,0.339,5.1,0.423,6.6,34.3,31,0.2,0.6,0.6,1.3,3.7,13.6,1.6,4.4,0.363,12.1,2.6,0.854,3.0,0.251,34,8,28.5,-0.7,0.4,1.7,0.2,14.4,2.2,13.1,Ricky Rubio,PG,467.0,1.4,2.5,2.6,16.5,4.1,7.9,0.488,CLE,24.6,0.6,1.8,.088,0.434
509,3.5,.436,8.0,2.8,0.328,8.6,0.517,6.6,32.2,25,0.6,1.7,0.7,-1.0,3.5,11.6,0.8,6.3,0.38,16.6,2.8,0.804,3.5,0.208,28,28,33.0,1.7,0.4,1.3,0.7,15.0,2.1,18.3,D'Angelo Russell,PG,468.0,0.9,1.3,2.6,12.7,3.9,6.2,0.502,MIN,26.4,0.6,1.5,.077,0.465
510,6.2,.643,9.6,0.7,0.304,2.4,0.202,4.5,20.8,25,0.4,1.0,4.3,1.0,8.7,27.9,1.5,6.9,0.575,12.0,4.2,0.743,5.6,0.469,38,37,34.6,3.3,3.2,10.2,3.7,22.5,3.1,18.7,Domantas Sabonis,C,469.0,1.0,1.5,3.1,17.5,11.9,19.1,0.646,IND,22.1,2.1,5.3,.192,0.605
512,0.9,.370,2.4,0.2,0.167,1.0,0.291,2.3,21.1,30,0.0,0.2,-5.6,-0.8,1.5,10.8,0.2,1.0,0.311,3.3,0.6,0.76,0.8,0.243,31,3,14.9,-4.8,0.6,4.1,-0.2,7.0,1.0,2.8,Tomas Satoransky,SG,471.0,0.5,1.5,0.7,16.8,2.0,7.3,0.386,NOP,12.7,-0.4,-0.1,-0.005,0.335
515,4.6,.485,9.4,1.5,0.333,4.4,0.319,4.6,23.2,28,0.1,0.3,-1.9,-1.1,2.9,9.8,0.8,6.0,0.437,13.8,3.0,0.873,3.4,0.249,32,19,32.2,-0.8,0.6,1.9,0.9,14.3,2.4,16.5,Dennis Schroder,SG,474.0,0.8,1.2,2.3,13.3,3.5,5.8,0.539,BOS,24.0,0.0,1.7,.078,0.49
517,0.6,.467,1.4,0.5,0.313,1.5,0.516,0.5,12.9,21,0.2,2.7,-3.5,-0.7,0.4,6.5,0.1,1.1,0.387,2.8,0.4,0.667,0.5,0.194,11,0,5.7,-2.9,0.0,0.0,0.0,12.6,0.4,3.0,Jay Scrubb,SG,476.0,0.3,2.3,0.3,8.2,0.4,3.3,0.49,LAC,25.5,0.0,0.0,.026,0.468
519,2.8,.541,5.2,0.3,0.308,1.1,0.177,2.6,22.8,19,0.9,4.4,0.8,1.1,3.1,18.1,0.6,3.1,0.5,6.3,2.4,0.703,3.4,0.536,35,2,18.4,-0.3,1.7,10.2,0.9,18.3,3.1,9.0,Alperen Sengun,C,478.0,0.9,2.4,1.9,20.0,4.8,14.2,0.579,HOU,22.4,0.5,1.5,.108,0.527
520,5.2,.538,9.6,1.0,0.244,4.1,0.298,2.1,11.8,23,0.0,0.0,-3.7,-0.5,2.1,7.6,0.4,6.2,0.45,13.7,2.6,0.744,3.5,0.258,11,11,28.7,-3.2,1.2,4.6,-0.3,11.6,2.3,16.0,Collin Sexton,SG,479.0,0.9,1.6,2.8,15.6,3.3,6.2,0.523,CLE,27.5,-0.1,0.1,.015,0.487
521,0.9,.416,2.2,1.7,0.364,4.7,0.682,1.5,9.8,24,0.1,0.4,-0.7,0.2,1.9,9.2,0.9,2.6,0.38,6.9,0.9,0.833,1.0,0.149,35,7,20.7,-0.9,0.3,1.3,0.5,10.3,1.1,7.8,Landry Shamet,SG,480.0,0.5,1.2,0.6,7.2,2.1,5.4,0.531,PHO,16.5,0.2,1.4,.092,0.504
523,1.4,.682,2.0,0.1,0.333,0.3,0.12,0.0,0.0,20,0.3,3.7,-3.9,-1.9,1.6,25.4,0.1,1.5,0.64,2.3,0.4,0.364,1.0,0.44,11,0,6.5,-2.0,1.4,23.2,0.1,19.2,1.1,3.4,Day'Ron Sharpe,PF,481.0,0.2,1.3,0.7,21.1,3.0,24.3,0.62,BRK,22.8,0.0,0.2,.120,0.66
524,6.8,.526,13.0,1.0,0.315,3.3,0.204,4.4,20.3,27,0.8,2.3,1.7,-0.2,6.4,20.5,0.7,7.9,0.483,16.3,3.6,0.714,5.1,0.313,22,22,35.1,1.9,2.1,6.1,1.3,19.3,3.3,20.4,Pascal Siakam,PF,482.0,0.8,1.2,2.5,12.1,8.5,13.0,0.551,TOR,25.6,0.7,2.0,.126,0.515
529,2.5,.491,5.1,2.3,0.396,5.8,0.534,2.5,15.9,22,0.1,0.5,-1.6,-2.7,2.0,8.9,-0.1,4.8,0.44,10.9,1.4,0.957,1.5,0.134,32,5,25.1,1.0,0.6,2.4,1.3,14.6,2.0,13.3,Anfernee Simons,SG,485.0,0.4,0.8,1.3,9.7,2.5,5.6,0.576,POR,22.3,0.1,1.2,.069,0.546
532,0.6,.292,2.0,0.3,0.222,1.5,0.429,1.2,11.6,22,0.2,1.3,-7.5,-0.8,1.2,9.3,0.1,0.9,0.262,3.5,0.4,0.833,0.5,0.143,12,1,13.0,-6.7,0.3,2.7,-0.3,3.3,0.9,2.6,Javonte Smart,PG,488.0,0.3,1.2,0.7,15.2,1.5,6.1,0.347,MIL,14.5,-0.2,-0.2,-0.048,0.31
533,2.6,.482,5.5,1.4,0.297,4.8,0.466,5.5,23.2,27,0.3,0.8,-0.7,1.4,3.4,10.5,1.5,4.1,0.396,10.3,2.1,0.792,2.7,0.26,36,36,34.6,-2.0,0.7,2.0,0.8,12.8,2.5,11.6,Marcus Smart,PG,489.0,1.9,2.7,2.0,14.7,4.0,6.2,0.509,BOS,16.9,0.4,2.3,.089,0.465
534,1.7,.432,3.9,0.3,0.273,1.2,0.229,3.3,27.3,24,0.4,2.3,-1.6,0.9,1.8,12.1,0.3,2.0,0.396,5.1,1.1,0.667,1.6,0.313,19,3,17.2,-2.5,0.5,3.3,-0.2,12.3,1.3,5.4,Dennis Smith Jr.,PG,490.0,1.3,3.6,1.7,22.7,2.4,7.6,0.467,POR,18.8,0.0,0.0,.007,0.427
535,1.8,.397,4.5,0.3,0.444,0.7,0.129,2.8,26.0,33,0.3,1.7,-5.6,-1.6,1.3,9.8,0.1,2.1,0.403,5.1,0.3,0.563,0.6,0.115,27,1,14.4,-4.0,0.1,1.1,-0.3,9.4,1.0,4.8,Ish Smith,PG,491.0,0.6,1.8,1.1,17.0,1.4,5.3,0.442,CHO,19.2,-0.4,-0.2,-0.030,0.432
536,2.5,.597,4.2,0.4,0.25,1.4,0.25,0.2,2.4,21,0.6,3.6,0.9,-0.7,3.2,22.9,0.4,2.9,0.51,5.6,1.7,0.853,2.0,0.354,17,4,14.2,1.6,2.2,17.0,0.7,21.8,1.5,7.8,Jalen Smith,PF,492.0,0.2,0.8,0.6,9.0,5.4,20.0,0.599,PHO,21.7,0.2,1.1,.226,0.542
538,0.2,.333,0.5,0.6,0.364,1.7,0.786,0.6,6.5,30,0.2,1.2,-4.6,-1.1,1.3,11.4,0.0,0.8,0.357,2.2,0.1,1.0,0.1,0.054,26,7,12.6,-3.4,0.3,2.3,0.1,5.6,1.2,2.3,Tony Snell,SG,494.0,0.2,0.7,0.3,10.9,1.5,6.8,0.515,POR,8.6,-0.2,0.1,.014,0.5
545,1.1,.441,2.5,0.4,0.323,1.3,0.344,0.5,6.0,24,0.2,1.4,-3.9,-0.1,1.3,10.6,0.4,1.5,0.4,3.8,0.4,0.625,0.7,0.178,24,2,12.8,-3.8,0.7,6.2,0.0,7.9,1.3,3.8,Lamar Stevens,PF,499.0,0.3,1.0,0.4,9.3,2.0,8.5,0.474,CLE,15.3,-0.1,0.3,.054,0.456
546,3.3,.559,5.9,0.1,0.154,0.4,0.071,1.1,6.6,20,1.1,4.0,-2.9,-0.2,5.7,25.3,0.8,3.3,0.53,6.3,1.1,0.681,1.6,0.257,29,29,25.8,-2.7,2.7,10.6,0.7,13.7,2.8,7.9,Isaiah Stewart,C,500.0,0.4,0.8,1.2,14.3,8.4,17.5,0.56,DET,13.6,-0.2,1.4,.093,0.536
548,1.4,.606,2.4,2.6,0.414,6.2,0.725,1.3,8.3,25,0.1,0.3,1.7,-0.6,3.1,14.9,0.6,4.0,0.467,8.6,0.9,0.758,1.2,0.138,28,4,23.4,2.3,0.4,1.7,1.4,15.0,1.5,11.5,Max Strus,SF,501.0,0.4,0.8,0.6,6.6,3.5,8.3,0.631,MIA,18.4,0.6,1.9,.142,0.617
549,2.9,.394,7.4,1.2,0.255,4.9,0.397,3.6,20.5,20,0.4,1.4,-6.0,-1.0,2.6,10.1,0.3,4.1,0.339,12.2,2.8,0.763,3.6,0.296,21,21,27.8,-4.9,0.8,2.9,-1.5,7.7,2.8,12.3,Jalen Suggs,PG,502.0,1.1,2.0,3.2,18.7,3.4,6.5,0.444,ORL,26.5,-0.6,-1.1,-0.093,0.389
552,4.1,.562,7.2,0.8,0.29,2.7,0.272,3.0,17.6,26,0.6,2.0,-1.6,-0.8,4.0,15.9,0.5,4.8,0.488,9.9,2.0,0.714,2.8,0.286,37,36,27.5,-0.8,1.8,7.0,1.1,14.9,3.6,12.5,Jae'Sean Tate,SF,505.0,0.9,1.6,1.9,14.5,5.8,11.5,0.559,HOU,20.2,0.1,1.6,.076,0.527
553,6.1,.473,12.9,2.8,0.333,8.5,0.397,3.9,18.9,23,0.8,2.1,2.8,0.0,7.4,21.7,1.7,8.9,0.418,21.4,5.0,0.833,6.0,0.28,35,35,36.8,2.8,1.2,3.4,1.3,19.7,2.5,25.7,Jayson Tatum,SF,506.0,1.0,1.4,2.7,10.2,8.5,12.4,0.535,BOS,31.8,1.6,3.0,.111,0.484
555,0.9,.465,1.9,1.3,0.379,3.4,0.636,1.2,8.9,35,0.5,2.2,-1.6,0.1,2.2,12.5,0.5,2.2,0.41,5.3,0.6,0.724,0.8,0.149,37,11,19.4,-1.7,0.7,3.6,0.3,10.8,1.6,6.2,Garrett Temple,SG,508.0,0.8,2.1,0.9,13.3,2.9,7.9,0.549,NOP,14.2,0.1,0.9,.058,0.531
559,2.5,.611,4.1,0.8,0.268,3.1,0.428,0.8,5.1,29,0.7,2.6,-3.9,-1.4,4.0,18.6,0.2,3.3,0.464,7.2,1.1,0.694,1.6,0.217,23,20,23.5,-2.5,1.3,6.1,0.1,10.7,2.4,8.6,Daniel Theis,C,512.0,0.4,0.8,1.3,13.8,5.3,12.4,0.544,HOU,16.6,-0.3,0.3,.026,0.521
561,1.9,.495,3.8,0.5,0.224,2.3,0.379,1.2,11.6,20,0.2,0.9,-3.7,-0.9,2.0,13.3,0.4,2.4,0.392,6.1,0.7,0.81,0.8,0.137,25,1,15.0,-2.8,0.2,1.2,-0.2,9.9,0.5,6.0,Cam Thomas,SG,514.0,0.4,1.2,0.5,6.9,2.1,7.5,0.462,BRK,20.2,-0.1,0.2,.020,0.435
565,0.4,.313,1.2,0.7,0.346,2.0,0.619,0.3,3.9,27,0.1,0.6,-4.4,-1.3,0.8,8.9,0.1,1.1,0.333,3.2,0.2,1.0,0.2,0.048,13,0,10.4,-3.1,0.1,0.8,0.0,6.9,0.4,3.0,Matt Thomas,SG,516.0,0.2,1.1,0.0,0.0,0.9,4.9,0.455,CHI,14.0,-0.1,0.1,.027,0.44
566,2.6,.510,5.2,0.0,1.0,0.0,0.007,0.6,6.4,30,0.4,1.9,-3.3,-2.1,3.1,21.4,0.3,2.7,0.514,5.2,1.0,0.519,1.9,0.37,28,3,15.3,-1.3,2.5,17.2,0.4,16.0,1.8,6.4,Tristan Thompson,PF,517.0,0.4,1.1,1.0,14.2,5.5,19.3,0.527,SAC,19.7,-0.2,0.7,.081,0.517
568,1.6,.672,2.4,0.7,0.275,2.5,0.507,1.1,5.8,24,1.2,4.2,0.1,3.0,1.8,7.7,1.0,2.3,0.471,4.9,0.3,0.875,0.3,0.059,28,13,25.8,-2.9,0.6,2.5,0.1,10.2,2.5,5.5,Matisse Thybulle,SG,519.0,1.8,3.4,0.8,14.2,2.4,5.1,0.552,PHI,10.2,0.4,1.1,.072,0.54
569,0.5,.394,1.3,0.7,0.3,2.4,0.645,0.6,5.4,23,0.5,3.7,-2.9,0.7,1.2,9.9,0.4,1.2,0.333,3.7,0.2,0.625,0.3,0.086,25,2,13.2,-3.6,0.8,6.0,0.0,8.9,1.6,3.4,Killian Tillie,C,520.0,0.7,2.6,0.3,7.7,2.0,7.9,0.44,MEM,13.2,-0.1,0.4,.063,0.43
571,1.7,.516,3.2,0.2,0.194,1.1,0.25,1.2,11.7,23,0.5,3.1,2.1,2.5,1.9,14.2,0.7,1.9,0.435,4.3,1.0,0.7,1.4,0.323,29,0,14.3,-0.3,1.4,10.0,0.4,16.5,1.2,4.9,Xavier Tillman Sr.,PF,521.0,1.2,4.2,0.7,12.9,3.2,12.1,0.501,MEM,16.4,0.4,1.1,.130,0.46
573,2.8,.658,4.3,0.4,0.211,1.7,0.281,1.1,11.5,23,0.5,3.1,1.3,0.2,2.8,18.3,0.6,3.2,0.532,6.0,1.6,0.786,2.1,0.345,34,2,16.6,1.2,1.1,7.0,1.2,18.9,1.5,8.3,Obi Toppin,PF,523.0,0.4,1.1,0.9,11.0,3.9,12.6,0.605,NYK,20.7,0.5,1.8,.157,0.562
574,1.6,.634,2.6,0.3,0.244,1.3,0.326,2.2,18.3,28,0.4,2.1,0.5,2.6,2.3,14.9,1.2,1.9,0.507,3.8,0.7,0.61,1.1,0.297,36,3,16.4,-2.2,0.6,4.3,0.4,12.1,1.6,4.9,Juan Toscano-Anderson,SF,524.0,0.8,2.3,1.1,20.8,2.9,9.8,0.564,GSW,14.5,0.4,1.5,.123,0.547
575,6.2,.550,11.3,2.4,0.422,5.6,0.331,3.5,18.1,26,1.2,3.4,5.1,0.7,6.4,20.5,1.4,8.5,0.508,16.8,4.8,0.827,5.8,0.343,31,31,34.5,4.5,2.9,8.6,2.6,23.0,3.8,24.2,Karl-Anthony Towns,C,525.0,1.0,1.4,3.6,15.6,9.4,14.3,0.625,MIN,27.8,1.9,4.1,.182,0.578
576,3.4,.476,7.2,2.7,0.372,7.3,0.503,2.1,9.6,23,0.3,0.8,0.5,0.4,2.5,8.4,1.0,6.2,0.424,14.5,1.5,0.845,1.8,0.125,32,31,34.0,0.0,0.4,1.2,1.5,14.9,2.2,16.6,Gary Trent Jr.,SG,526.0,2.0,2.9,0.9,5.6,2.9,4.7,0.54,TOR,20.4,0.7,2.5,.108,0.517
577,1.7,.533,3.2,1.3,0.462,2.8,0.47,2.2,10.9,36,0.3,1.3,1.2,1.0,3.9,15.4,1.0,3.0,0.5,6.0,0.7,0.697,1.0,0.167,33,32,28.5,0.2,1.7,6.6,1.6,12.5,2.3,8.0,P.J. Tucker,PF,527.0,0.7,1.2,1.0,13.1,5.6,11.0,0.621,MIA,11.5,0.8,2.6,.135,0.609
579,3.3,.670,4.9,1.6,0.359,4.5,0.479,1.1,5.4,25,2.8,8.2,2.3,1.5,5.8,21.4,1.7,4.9,0.521,9.3,1.9,0.758,2.5,0.268,38,38,29.8,0.8,1.5,5.7,2.1,18.8,2.8,13.2,Myles Turner,C,529.0,0.6,1.0,1.3,11.0,7.3,13.5,0.634,IND,17.2,1.2,3.8,.160,0.607
580,6.1,.539,11.3,1.0,0.43,2.4,0.174,2.4,13.3,29,0.9,2.8,2.0,-0.7,8.4,29.4,1.1,7.1,0.52,13.7,3.3,0.825,4.0,0.289,36,36,31.6,2.7,3.6,11.8,2.5,21.8,3.2,18.6,Jonas Valanciunas,C,530.0,0.6,0.9,2.4,13.4,11.9,20.4,0.601,NOP,24.1,1.1,3.6,.151,0.558
581,0.2,.278,0.8,0.8,0.409,2.0,0.71,0.5,7.5,28,0.0,0.0,-2.2,0.3,1.3,14.9,0.3,1.0,0.371,2.8,0.0,0.0,0.0,0.0,22,0,9.3,-2.5,0.4,4.9,0.0,8.6,0.8,2.9,Denzel Valentine,SG,531.0,0.3,1.7,0.5,13.9,1.7,10.1,0.516,CLE,15.4,0.0,0.3,.061,0.516
582,2.5,.583,4.2,0.1,0.2,0.3,0.067,1.2,6.7,22,0.8,3.1,0.7,1.9,5.7,24.8,1.5,2.5,0.557,4.5,0.9,0.698,1.3,0.289,33,26,25.2,-1.2,3.1,12.4,1.2,15.4,2.7,6.0,Jarred Vanderbilt,PF,532.0,1.5,2.9,1.1,17.2,8.8,18.3,0.59,MIN,10.2,0.6,2.7,.156,0.564
583,3.7,.476,7.8,3.7,0.408,9.0,0.536,6.7,27.8,27,0.6,1.5,4.7,0.1,4.1,12.4,1.1,7.4,0.44,16.8,2.8,0.88,3.1,0.186,32,32,37.5,4.5,0.8,2.1,2.9,19.7,2.5,21.3,Fred VanVleet,PG,533.0,1.6,2.2,2.7,13.0,4.9,7.0,0.583,TOR,23.8,2.0,3.9,.157,0.549
584,2.7,.555,4.8,1.7,0.351,4.8,0.498,1.5,8.1,21,0.7,2.5,0.0,0.1,3.2,13.4,0.9,4.4,0.453,9.7,0.7,0.733,0.9,0.097,32,4,25.0,-0.1,0.7,2.8,0.6,13.9,1.9,11.1,Devin Vassell,SF,534.0,1.0,1.9,0.8,7.5,3.9,8.1,0.552,SAS,18.4,0.4,1.5,.090,0.54
585,1.5,.527,2.8,1.6,0.374,4.3,0.604,2.9,20.1,25,0.2,1.1,-1.1,0.1,1.6,8.3,0.7,3.1,0.435,7.2,0.8,0.774,1.0,0.135,32,10,21.8,-1.2,0.5,2.4,0.6,12.2,2.2,8.6,Gabe Vincent,PG,535.0,0.8,1.9,1.5,16.5,2.1,5.4,0.566,MIA,18.5,0.2,1.3,.091,0.548
586,4.8,.466,10.4,1.8,0.353,5.0,0.324,3.3,15.1,31,1.2,3.1,0.7,0.5,9.8,32.4,1.6,6.6,0.429,15.3,1.0,0.667,1.5,0.098,28,28,33.3,0.3,1.8,6.0,0.3,17.0,2.4,15.9,Nikola Vucevic,C,536.0,1.0,1.4,1.6,9.1,11.6,19.2,0.497,CHI,23.2,0.7,1.9,.097,0.486
587,1.0,.609,1.6,0.9,0.329,2.8,0.632,1.3,8.4,25,0.1,0.3,-0.8,1.1,2.7,13.9,0.7,1.9,0.432,4.5,0.4,0.769,0.5,0.104,28,16,20.3,-1.9,0.8,4.3,0.6,9.9,1.6,5.1,Dean Wade,PF,537.0,0.5,1.3,0.4,7.1,3.5,9.3,0.551,CLE,10.8,0.2,1.4,.116,0.536
588,4.6,.485,9.5,1.3,0.369,3.6,0.276,2.6,13.8,20,0.5,1.4,-0.8,-0.6,3.5,11.5,0.7,5.9,0.453,13.1,2.7,0.839,3.2,0.243,39,39,32.3,-0.2,1.2,4.0,1.3,15.0,2.3,15.8,Franz Wagner,SF,538.0,1.1,1.6,1.6,9.8,4.7,7.7,0.547,ORL,21.5,0.4,1.9,.073,0.504
589,1.1,.571,1.9,1.0,0.341,2.9,0.603,0.8,11.7,24,0.2,1.6,-1.1,-1.2,1.9,16.9,0.2,2.1,0.433,4.9,1.4,0.784,1.8,0.362,29,0,11.8,0.1,0.6,5.0,0.5,15.1,1.9,6.6,Moritz Wagner,C,539.0,0.2,0.7,0.7,11.4,2.4,10.9,0.584,ORL,23.3,0.1,0.7,.094,0.535
590,0.4,.429,0.9,0.3,0.2,1.3,0.588,0.5,10.2,27,0.1,0.9,-6.6,-0.1,0.6,9.2,0.1,0.7,0.294,2.3,0.1,0.5,0.3,0.118,15,0,6.7,-6.5,0.7,11.8,-0.2,4.7,1.4,1.7,Ish Wainright,PF,540.0,0.3,1.9,0.4,14.4,1.3,10.5,0.364,PHO,17.9,-0.1,0.0,-0.003,0.353
592,2.3,.426,5.4,2.4,0.403,6.0,0.527,3.6,21.9,31,0.2,0.7,1.6,-0.3,3.1,12.3,0.5,4.7,0.414,11.4,1.8,0.84,2.1,0.183,24,24,27.3,1.9,0.5,1.8,1.0,16.2,1.2,13.6,Kemba Walker,PG,541.0,0.8,1.5,1.4,10.1,3.5,7.0,0.553,NYK,22.2,0.6,1.6,.114,0.52
593,2.5,.488,5.2,1.6,0.312,5.2,0.5,2.4,14.7,23,0.2,0.9,-2.4,-1.4,2.6,12.2,0.6,4.1,0.4,10.3,1.4,0.865,1.6,0.153,33,3,22.5,-1.0,0.2,1.0,0.2,12.5,1.3,11.2,Lonnie Walker IV,SG,542.0,0.6,1.2,1.1,8.8,2.8,6.6,0.51,SAS,22.7,-0.1,0.7,.047,0.478
596,1.0,.400,2.6,0.2,0.235,0.7,0.221,2.4,23.1,32,0.3,1.6,-5.7,-0.5,1.4,11.4,0.2,1.2,0.364,3.3,1.0,0.92,1.1,0.325,23,2,13.9,-5.1,0.3,2.1,0.0,8.0,2.0,3.6,Brad Wanamaker,PG,545.0,0.3,1.1,1.0,20.7,1.7,6.7,0.472,TOT,15.1,-0.3,0.2,.025,0.39
600,1.8,.513,3.5,2.0,0.433,4.7,0.571,2.4,12.9,23,1.1,4.1,0.8,-0.5,4.0,17.6,0.3,3.9,0.467,8.3,1.3,0.7,1.8,0.22,22,3,25.0,1.3,1.3,5.4,0.9,16.3,2.3,11.0,P.J. Washington,PF,547.0,0.7,1.3,1.3,12.7,5.4,11.3,0.609,CHO,17.6,0.4,1.3,.109,0.591
601,1.4,.452,3.0,1.4,0.38,3.6,0.543,1.1,7.4,27,0.6,2.7,-1.9,-1.0,3.4,18.5,0.3,2.7,0.413,6.6,0.9,0.545,1.6,0.239,14,2,20.5,-0.9,0.9,4.7,0.2,12.0,1.7,7.6,Yuta Watanabe,SF,548.0,0.4,1.0,0.8,9.8,4.3,11.3,0.526,TOR,16.8,0.0,0.5,.076,0.516
605,0.8,.474,1.7,0.0,0.0,0.0,0.0,0.5,12.1,21,0.5,7.7,-3.4,-0.8,0.8,16.4,0.1,0.8,0.474,1.7,0.4,0.5,0.7,0.421,11,0,5.6,-2.6,0.4,7.0,0.0,14.5,0.5,2.0,Trendon Watford,SF,550.0,0.2,1.6,0.3,11.8,1.2,11.6,0.488,POR,18.0,0.0,0.1,.051,0.474
608,6.3,.495,12.8,1.1,0.3,3.6,0.219,8.1,35.4,33,0.3,0.7,-1.0,-0.7,6.7,19.1,1.6,7.4,0.452,16.4,3.6,0.654,5.6,0.34,39,39,35.8,-0.3,1.4,4.2,-0.1,15.9,3.1,19.5,Russell Westbrook,PG,553.0,1.2,1.6,4.6,19.8,8.1,11.9,0.519,LAL,28.1,0.3,1.5,.051,0.485
609,2.1,.500,4.2,1.8,0.357,4.9,0.538,2.4,13.9,21,0.3,1.1,-3.6,-1.6,2.4,10.9,0.3,3.9,0.423,9.2,1.2,0.75,1.6,0.179,17,6,24.3,-2.0,0.2,0.8,0.3,11.7,2.2,10.8,Coby White,PG,554.0,0.5,0.9,1.1,10.1,2.6,5.9,0.544,CHI,19.9,-0.2,0.6,.068,0.519
610,3.5,.524,6.6,1.5,0.294,5.2,0.441,5.5,24.3,27,0.9,2.6,1.7,0.6,3.0,10.2,1.1,5.0,0.423,11.9,2.9,0.869,3.3,0.277,37,37,30.5,1.1,0.5,1.7,1.7,16.5,2.2,14.5,Derrick White,SG,555.0,1.2,1.9,1.6,11.0,3.5,6.0,0.542,SAS,20.7,1.1,2.8,.121,0.488
611,3.1,.627,4.9,0.0,0.0,0.0,0.0,0.3,3.0,32,1.3,7.3,1.6,1.3,4.3,29.4,1.0,3.1,0.627,4.9,1.7,0.695,2.5,0.509,33,0,15.1,0.3,2.2,16.8,1.6,23.5,2.8,7.8,Hassan Whiteside,C,556.0,0.2,0.7,0.9,13.2,6.6,23.4,0.657,UTA,19.6,0.5,2.6,.252,0.627
613,1.8,.686,2.7,0.8,0.326,2.4,0.474,0.9,7.1,23,0.2,1.0,-2.8,0.4,2.4,11.9,0.4,2.6,0.515,5.1,1.0,0.679,1.5,0.289,19,10,20.9,-3.2,0.5,2.2,0.4,11.0,1.9,7.1,Aaron Wiggins,SG,558.0,0.6,1.4,0.8,12.1,2.9,7.0,0.613,OKC,13.6,-0.1,0.7,.089,0.593
614,4.8,.526,9.2,2.3,0.425,5.3,0.367,1.9,9.8,26,0.6,1.9,2.0,0.0,3.3,10.9,1.7,7.1,0.489,14.5,2.6,0.695,3.8,0.26,34,34,31.5,1.9,1.2,4.4,1.6,17.5,1.8,19.1,Andrew Wiggins,SF,559.0,1.0,1.5,1.6,9.3,4.5,7.8,0.59,GSW,24.6,1.1,3.3,.146,0.567
617,1.0,.625,1.6,1.4,0.426,3.4,0.673,1.0,6.3,23,0.6,2.5,-0.3,0.3,2.6,12.4,0.7,2.5,0.491,5.0,1.0,0.897,1.1,0.228,34,11,22.9,-0.6,0.8,3.5,1.3,12.2,2.1,7.4,Grant Williams,PF,561.0,0.5,1.0,0.8,13.0,3.4,7.9,0.67,BOS,12.2,0.3,2.0,.124,0.635
618,2.0,.500,3.9,0.8,0.384,2.1,0.353,1.9,14.1,27,0.1,0.7,-0.4,1.2,2.6,12.9,0.8,2.8,0.459,6.1,0.6,0.553,1.1,0.184,34,0,20.8,-1.7,1.3,6.3,0.6,13.4,1.7,7.0,Kenrich Williams,SF,562.0,1.0,2.3,0.8,11.1,3.9,9.6,0.534,OKC,15.4,0.3,1.4,.096,0.527
619,1.7,.397,4.3,0.6,0.304,2.1,0.326,1.5,15.0,35,0.1,0.5,-6.1,-2.2,1.3,9.7,0.1,2.3,0.366,6.4,1.2,0.846,1.4,0.227,27,0,14.4,-3.8,0.3,2.2,-0.3,10.3,1.0,6.5,Lou Williams,PG,563.0,0.6,1.9,0.9,11.7,1.6,6.0,0.465,ATL,24.1,-0.4,-0.2,-0.019,0.416
621,4.4,.744,5.9,0.0,0.0,0.0,0.0,1.7,9.3,24,2.1,6.7,3.9,1.7,5.1,19.2,1.4,4.4,0.744,5.9,1.0,0.625,1.6,0.273,30,30,28.8,2.2,3.8,14.1,2.7,21.7,2.0,9.7,Robert Williams,C,565.0,0.8,1.4,1.2,15.8,8.9,16.6,0.741,BOS,11.9,1.3,4.1,.226,0.744
622,1.1,.571,2.0,1.0,0.278,3.4,0.632,0.6,4.2,20,0.3,1.5,-5.6,-1.3,1.1,6.6,0.2,2.1,0.386,5.4,0.3,0.75,0.4,0.07,21,1,18.0,-4.3,0.2,1.4,-0.1,6.1,1.6,5.4,Ziaire Williams,SF,566.0,0.5,1.3,0.6,9.3,1.3,3.9,0.485,MEM,14.3,-0.3,0.1,.019,0.474
624,0.4,.500,0.8,0.6,0.382,1.5,0.654,0.9,11.2,25,0.1,0.7,-0.6,1.7,1.4,14.4,0.3,1.0,0.423,2.3,0.1,0.75,0.2,0.077,23,0,10.5,-2.2,0.5,5.1,0.2,9.2,1.1,2.6,Dylan Windler,SF,568.0,0.3,1.2,0.4,15.7,1.9,9.9,0.558,CLE,11.5,0.1,0.5,.101,0.548
625,1.4,.519,2.7,0.2,0.217,0.8,0.221,1.1,14.4,25,0.4,3.3,-2.2,1.8,2.4,22.3,0.7,1.6,0.452,3.5,0.3,0.471,0.6,0.163,30,1,11.1,-4.0,0.5,5.2,-0.4,11.9,1.0,3.6,Justise Winslow,SF,569.0,0.6,2.5,0.9,18.9,3.0,14.0,0.48,LAC,18.1,0.0,0.3,.045,0.476
627,4.7,.547,8.6,1.6,0.337,4.6,0.349,2.1,11.6,26,0.9,2.7,-0.1,-1.2,8.5,29.9,0.9,6.3,0.474,13.2,2.9,0.619,4.7,0.354,36,35,30.9,1.1,1.9,6.7,1.2,17.9,2.4,16.9,Christian Wood,C,571.0,0.7,1.0,1.8,10.7,10.4,18.4,0.556,HOU,23.5,0.5,2.1,.091,0.533
629,1.0,.443,2.2,0.5,0.425,1.3,0.364,2.4,17.5,29,0.2,1.1,1.2,1.1,2.2,13.2,0.3,1.5,0.436,3.4,0.7,0.846,0.8,0.236,32,4,17.7,0.2,0.8,5.2,0.9,13.4,0.7,4.2,Delon Wright,SG,573.0,0.8,2.3,0.7,15.3,3.0,9.2,0.556,ATL,11.1,0.5,1.2,.102,0.514
632,2.8,.586,4.8,0.0,0.0,0.1,0.026,2.4,24.4,33,0.3,1.6,2.9,1.7,2.0,14.5,0.4,2.8,0.57,5.0,0.3,0.444,0.8,0.158,23,0,14.0,1.2,1.5,10.9,0.6,19.6,1.4,6.0,Thaddeus Young,PF,576.0,0.9,3.0,1.0,15.9,3.4,12.7,0.566,SAS,19.0,0.4,1.0,.147,0.57
633,6.9,.502,13.8,2.8,0.381,7.4,0.35,9.5,48.1,23,0.1,0.2,4.9,-2.2,3.1,9.7,0.2,9.7,0.46,21.2,6.1,0.902,6.8,0.321,33,33,34.6,7.2,0.8,2.5,4.1,26.2,1.7,28.4,Trae Young,PG,577.0,0.9,1.3,4.0,14.2,3.9,6.1,0.588,ATL,35.4,2.0,4.3,.180,0.527
634,2.3,.496,4.7,0.0,0.143,0.2,0.047,0.7,8.0,23,0.5,4.1,-2.5,0.0,4.3,33.7,0.8,2.4,0.48,4.9,0.8,0.622,1.2,0.25,30,6,14.2,-2.5,1.8,13.9,0.2,16.3,1.6,5.5,Omer Yurtseven,C,578.0,0.4,1.5,0.9,13.7,6.0,23.8,0.505,MIA,19.8,-0.1,1.0,.118,0.483
635,1.8,.597,3.0,0.0,0.0,0.2,0.053,0.8,9.3,29,0.3,1.8,-1.9,-1.1,2.8,23.8,0.1,1.8,0.566,3.2,1.5,0.766,2.0,0.618,24,0,13.3,-0.8,1.8,14.7,0.9,17.5,2.1,5.1,Cody Zeller,C,579.0,0.3,1.1,0.7,15.0,4.6,19.1,0.631,POR,15.5,0.0,1.0,.154,0.566
636,3.6,.656,5.5,0.0,0.0,0.0,0.0,1.1,6.5,24,1.2,4.0,1.2,1.1,5.5,22.5,1.5,3.6,0.656,5.5,2.4,0.737,3.3,0.594,35,35,25.0,0.1,2.7,11.8,2.2,18.8,2.3,9.6,Ivica Zubac,C,580.0,0.5,1.1,1.4,16.5,8.2,17.3,0.694,LAC,14.5,0.7,3.7,.202,0.656
